	
SET NUMERIC_ROUNDABORT OFF
GO
SET ANSI_PADDING, ANSI_WARNINGS, CONCAT_NULL_YIELDS_NULL, ARITHABORT, QUOTED_IDENTIFIER, ANSI_NULLS, NOCOUNT ON
GO
SET DATEFORMAT YMD
GO
SET XACT_ABORT ON
GO
SET TRANSACTION ISOLATION LEVEL Serializable
GO
BEGIN TRANSACTION

PRINT(N'Drop constraints from [Sales].[OrderAuditLog]')
ALTER TABLE [Sales].[OrderAuditLog] NOCHECK CONSTRAINT [FK__OrderAudi__Order__4316F928]

PRINT(N'Drop constraints from [Logistics].[EmployeeTerritories]')
ALTER TABLE [Logistics].[EmployeeTerritories] NOCHECK CONSTRAINT [FK_EmployeeTerritories_Employees]
ALTER TABLE [Logistics].[EmployeeTerritories] NOCHECK CONSTRAINT [FK_EmployeeTerritories_Territories]

PRINT(N'Drop constraints from [Sales].[Territories]')
ALTER TABLE [Sales].[Territories] NOCHECK CONSTRAINT [FK_Territories_Region]

PRINT(N'Drop constraints from [Sales].[Orders]')
ALTER TABLE [Sales].[Orders] NOCHECK CONSTRAINT [FK_Orders_Customers]
ALTER TABLE [Sales].[Orders] NOCHECK CONSTRAINT [FK_Orders_Employees]
ALTER TABLE [Sales].[Orders] NOCHECK CONSTRAINT [FK_Orders_Shippers]

PRINT(N'Drop constraints from [Sales].[CustomersFeedback]')
ALTER TABLE [Sales].[CustomersFeedback] NOCHECK CONSTRAINT [FK__Customers__Custo__286302EC]

PRINT(N'Drop constraints from [Logistics].[MaintenanceLog]')
ALTER TABLE [Logistics].[MaintenanceLog] NOCHECK CONSTRAINT [FK__Maintenan__Fligh__30F848ED]

PRINT(N'Drop constraints from [Operation].[Employees]')
ALTER TABLE [Operation].[Employees] NOCHECK CONSTRAINT [FK_Employees_Employees]

PRINT(N'Add rows to [Logistics].[Flight]')
SET IDENTITY_INSERT [Logistics].[Flight] ON
INSERT INTO [Logistics].[Flight] ([FlightID], [Airline], [DepartureCity], [ArrivalCity], [DepartureTime], [ArrivalTime], [Price], [AvailableSeats]) VALUES (1, N'Test Airline', N'Baton Rouge', N'Denver', '2008-05-04 08:08:52.340', '1974-06-08 08:24:27.370', 8243.17, 35)
INSERT INTO [Logistics].[Flight] ([FlightID], [Airline], [DepartureCity], [ArrivalCity], [DepartureTime], [ArrivalTime], [Price], [AvailableSeats]) VALUES (2, N'Test Airline', N'Montgomery', N'Columbus', '1985-01-25 02:31:52.070', '2005-11-24 17:50:50.200', 385.01, 34)
INSERT INTO [Logistics].[Flight] ([FlightID], [Airline], [DepartureCity], [ArrivalCity], [DepartureTime], [ArrivalTime], [Price], [AvailableSeats]) VALUES (3, N'Test Airline', N'Spokane', N'Norfolk', '1976-04-06 23:45:10.330', '1954-11-23 10:44:05.340', 7256.53, 43)
INSERT INTO [Logistics].[Flight] ([FlightID], [Airline], [DepartureCity], [ArrivalCity], [DepartureTime], [ArrivalTime], [Price], [AvailableSeats]) VALUES (4, N'Test Airline', N'Colorado', N'Richmond', '2022-05-26 09:25:19.840', '1966-07-23 04:20:57.720', 4043.80, 62)
INSERT INTO [Logistics].[Flight] ([FlightID], [Airline], [DepartureCity], [ArrivalCity], [DepartureTime], [ArrivalTime], [Price], [AvailableSeats]) VALUES (5, N'Test Airline', N'Tulsa', N'Greensboro', '1976-09-01 17:04:48.700', '2008-09-21 04:31:17.130', 2363.45, 69)
INSERT INTO [Logistics].[Flight] ([FlightID], [Airline], [DepartureCity], [ArrivalCity], [DepartureTime], [ArrivalTime], [Price], [AvailableSeats]) VALUES (6, N'Test Airline', N'Memphis', N'San Diego', '2018-09-24 16:47:07.950', '2009-10-11 17:50:31.720', 6736.26, 55)
INSERT INTO [Logistics].[Flight] ([FlightID], [Airline], [DepartureCity], [ArrivalCity], [DepartureTime], [ArrivalTime], [Price], [AvailableSeats]) VALUES (7, N'Test Airline', N'Birmingham', N'San Diego', '1989-02-02 01:02:22.780', '2020-11-24 14:26:13.440', 4044.25, 86)
INSERT INTO [Logistics].[Flight] ([FlightID], [Airline], [DepartureCity], [ArrivalCity], [DepartureTime], [ArrivalTime], [Price], [AvailableSeats]) VALUES (8, N'Test Airline', N'Milwaukee', N'Rochester', '1965-05-03 08:30:55.540', '2000-12-14 12:47:36.290', 1771.12, 68)
INSERT INTO [Logistics].[Flight] ([FlightID], [Airline], [DepartureCity], [ArrivalCity], [DepartureTime], [ArrivalTime], [Price], [AvailableSeats]) VALUES (9, N'Test Airline', N'Glendale', N'Houston', '1964-03-29 08:07:11.020', '1973-01-09 10:27:57.350', 4057.51, 53)
INSERT INTO [Logistics].[Flight] ([FlightID], [Airline], [DepartureCity], [ArrivalCity], [DepartureTime], [ArrivalTime], [Price], [AvailableSeats]) VALUES (10, N'Test Airline', N'Arlington', N'Fort Wayne', '1977-11-02 12:21:54.670', '2004-01-07 14:23:53.870', 873.35, 46)
SET IDENTITY_INSERT [Logistics].[Flight] OFF
PRINT(N'Operation applied to 10 rows out of 10')

PRINT(N'Add rows to [Logistics].[FlightRoute]')
SET IDENTITY_INSERT [Logistics].[FlightRoute] ON
INSERT INTO [Logistics].[FlightRoute] ([RouteID], [DepartureCity], [ArrivalCity], [Distance]) VALUES (1, N'Memphis', N'Anchorage', 913)
INSERT INTO [Logistics].[FlightRoute] ([RouteID], [DepartureCity], [ArrivalCity], [Distance]) VALUES (2, N'Houston', N'Long Beach', 2491)
INSERT INTO [Logistics].[FlightRoute] ([RouteID], [DepartureCity], [ArrivalCity], [Distance]) VALUES (3, N'Arlington', N'Riverside', 1594)
INSERT INTO [Logistics].[FlightRoute] ([RouteID], [DepartureCity], [ArrivalCity], [Distance]) VALUES (4, N'Garland', N'Baltimore', 1345)
INSERT INTO [Logistics].[FlightRoute] ([RouteID], [DepartureCity], [ArrivalCity], [Distance]) VALUES (5, N'Portland', N'Raleigh', 845)
INSERT INTO [Logistics].[FlightRoute] ([RouteID], [DepartureCity], [ArrivalCity], [Distance]) VALUES (6, N'Memphis', N'Philadelphia', 3697)
INSERT INTO [Logistics].[FlightRoute] ([RouteID], [DepartureCity], [ArrivalCity], [Distance]) VALUES (7, N'Fremont', N'Minneapolis', 3487)
INSERT INTO [Logistics].[FlightRoute] ([RouteID], [DepartureCity], [ArrivalCity], [Distance]) VALUES (8, N'Oakland', N'Dayton', 1612)
INSERT INTO [Logistics].[FlightRoute] ([RouteID], [DepartureCity], [ArrivalCity], [Distance]) VALUES (9, N'Fresno', N'Anaheim', 2893)
INSERT INTO [Logistics].[FlightRoute] ([RouteID], [DepartureCity], [ArrivalCity], [Distance]) VALUES (10, N'Yonkers', N'Seattle', 2346)
SET IDENTITY_INSERT [Logistics].[FlightRoute] OFF
PRINT(N'Operation applied to 10 rows out of 10')

PRINT(N'Add rows to [Logistics].[Region]')
INSERT INTO [Logistics].[Region] ([RegionID], [RegionDescription], [RegionName]) VALUES (1, N'quad trepicandor rarendum quo non Pro quis        ', N'NY-FG')
INSERT INTO [Logistics].[Region] ([RegionID], [RegionDescription], [RegionName]) VALUES (2, N'non linguens cognitio, imaginator estis           ', N'MD-BI')
INSERT INTO [Logistics].[Region] ([RegionID], [RegionDescription], [RegionName]) VALUES (3, N'estum. travissimantor fecit. homo, et             ', N'WI-KV')
INSERT INTO [Logistics].[Region] ([RegionID], [RegionDescription], [RegionName]) VALUES (4, N'non transit. venit. nomen quad esset pladior Sed  ', N'SD-MI')
PRINT(N'Operation applied to 4 rows out of 4')

PRINT(N'Add rows to [Logistics].[Shippers]')
SET IDENTITY_INSERT [Logistics].[Shippers] ON
INSERT INTO [Logistics].[Shippers] ([ShipperID], [CompanyName], [Phone], [id], [ShipId]) VALUES (1, N'Admunaquax Holdings ', N'798806-2722', 1, 1)
INSERT INTO [Logistics].[Shippers] ([ShipperID], [CompanyName], [Phone], [id], [ShipId]) VALUES (2, N'Klisapeficator International Company', N'9634636331', 2, 2)
INSERT INTO [Logistics].[Shippers] ([ShipperID], [CompanyName], [Phone], [id], [ShipId]) VALUES (3, N'Rehupadar Direct ', N'694-804-7684', 3, 3)
INSERT INTO [Logistics].[Shippers] ([ShipperID], [CompanyName], [Phone], [id], [ShipId]) VALUES (4, N'Ciptinicator Holdings ', N'965-2090618', 4, 4)
INSERT INTO [Logistics].[Shippers] ([ShipperID], [CompanyName], [Phone], [id], [ShipId]) VALUES (5, N'Emtinicator WorldWide ', N'575330-9109', 5, 5)
SET IDENTITY_INSERT [Logistics].[Shippers] OFF
PRINT(N'Operation applied to 5 rows out of 5')

PRINT(N'Add rows to [Operation].[Employees]')
SET IDENTITY_INSERT [Operation].[Employees] ON
INSERT INTO [Operation].[Employees] ([EmployeeID], [LastName], [FirstName], [Title], [TitleOfCourtesy], [BirthDate], [HireDate], [Address], [City], [Region], [PostalCode], [Country], [HomePhone], [Extension], [Photo], [Notes], [ReportsTo], [PhotoPath]) VALUES (1, N'Archer', N'Patrice', N'Mr', N'Dr', '1956-05-12 17:26:18.380', '1993-05-24 22:26:19.160', N'15 Clarendon Parkway', N'Arlington', N'CT-EA', N'48222', N'Comoros', N'026-7294465', N'398', 0x424d4e060000000000003600000028000000140000001a00000001001800000000001806000000000000000000000000000000000000a8a8a8bbbbbbd7d7d7dcdcdce8e8e8e4e4e4bebebeb5b5b5c5c5c5c4c4c4c2c2c2c5c5c5e1e1e1d8d8d8e6e6e6cfcfcfcfcfcfe2e2e2e8e8e8e8e8e88a8a8a727272797979999999c9c9c9d2d2d2b2b2b2b3b3b3c4c4c4a8a8a88989897f7f7fa0a0a0a8a8a8d2d2d2d2d2d2c7c7c7dcdcdce4e4e4e6e6e68e8e8e6c6c6c747474626262686868848484c5c5c5c6c6c69c9c9c6363637979799292928a8a8a858585949494cbcbcbd0d0d0f0f0f0ebebebe8e8e88484846e6e6e7373735d5d5d6060606e6e6e979797909090787878777777959595abababbfbfbfb3b3b3929292a9a9a9bbbbbbe1e1e1e2e2e2e4e4e48585857979797373736060606262625f5f5f6e6e6e6f6f6f7d7d7da3a3a3b3b3b3acacacc1c1c1b9b9b99191919c9c9ca6a6a6d4d4d4dededee3e3e39090908181817373736e6e6e6f6f6f5d5d5d6363637c7c7caaaaaab4b4b4aeaeaea3a3a3b3b3b3bdbdbda9a9a99a9a9aa1a1a1d5d5d5e2e2e2e7e7e79797978585857a7a7a8585857b7b7b6262626a6a6a999999c1c1c19999999a9a9ab9b9b9c4c4c4d1d1d1c9c9c9939393a6a6a6dcdcdceaeaeae9e9e9a0a0a09696968f8f8f9898987575756868687d7d7db0b0b0b5b5b58b8b8ba1a1a1d1d1d1b7b7b7b0b0b0c8c8c8a3a3a3a5a5a5dfdfdfededede9e9e9a8a8a8a9a9a99e9e9e8989894b4b4b626262929292bcbcbcadadad969696a0a0a0c4c4c4a6a6a6939393bbbbbbbababa9f9f9fddddddefefefeaeaeaa8a8a8b1b1b19c9c9c6868681818185252529d9d9dbfbfbfb2b2b29a9a9a818181aaaaaabebebeb3b3b3c1c1c1b9b9b9989898dbdbdbf0f0f0edededbbbbbbb0b0b09595951313132525255a5a5ab3b3b3d9d9d9d9d9d9a7a7a7ddddddb8b8b8b7b7b7d1d1d1c5c5c5b7b7b7abababb3b3b3f9f9f9ecececbfbfbfacacac5a5a5a1717172828286b6b6bafafafbcbcbccacacaa7a7a7dcdcdcd4d4d4d3d3d3d2d2d2bfbfbfa6a6a6adadada7a7a7f0f0f0eaeaeaccccccaaaaaa2e2e2e2020201f1f1f6565658e8e8e8d8d8dbfbfbfb2b2b2cfcfcfd8d8d8dcdcdcd8d8d8d5d5d5b1b1b16d6d6d686868d3d3d3f1f1f1cbcbcb9090902a2a2a2222221a1a1a5d5d5d7676768686869a9a9abababac0c0c0c1c1c1c3c3c3cacacac5c5c57c7c7c2f2f2f2e2e2eb7b7b7f1f1f1c3c3c35d5d5d3030301919193131317f7f7f919191b3b3b3cbcbcbf6f6f6c5c5c5929292868686acacacb3b3b35d5d5d2b2b2b2b2b2bb3b3b3eaeaeacccccc4343432f2f2f1212124f4f4fa8a8a8bbbbbbdadadadfdfdfffffffbcbcbc7d7d7d6767678c8c8c8484843a3a3a1e1e1e323232bfbfbff0f0f0d3d3d34c4c4c2929291616164f4f4fa7a7a7cccccce0e0e0dededefafafae6e6e6e6e6e6d0d0d0b9b9b96f6f6f3131310f0f0f3d3d3dcbcbcbf4f4f4c6c6c65858582020201c1c1c3e3e3e8f8f8fcdcdcddfdfdfe1e1e1d7d7d7c9c9c9e9e9e9d3d3d39c9c9c4444442e2e2e242424585858d5d5d5e9e9e9d3d3d39090903a3a3a0909090a0a0a4c4c4ca1a1a1b5b5b5737373898989aaaaaa959595696969424242222222282828181818a9a9a9f6f6f6e7e7e7dddddd9d9d9d6363632222222424241616162929293232321e1e1e3232323d3d3d242424242424313131212121222222262626acacacf8f8f8edededeaeaeab6b6b69191912424242323231313131a1a1a2929291717172424242323230e0e0e1b1b1b2929292020203434347a7a7ad2d2d2fffffff2f2f2ebebebdedededfdfdf5c5c5c1c1c1c2828282424241e1e1e1313131919192626262727272727271616161c1c1c636363dbdbdbf5f5f5f5f5f5eaeaeaededede9e9e9fcfcfc9393930404041a1a1a1616161111112828282222222a2a2a2727272424242525254b4b4ba4a4a4f5f5f5f2f2f2e7e7e7e4e4e4f0f0f0dfdfdfebebebc4c4c42e2e2e2b2b2b2525253838383535352020201a1a1a0e0e0e232323666666a7a7a7dfdfdfeaeaeaecececf1f1f1f2f2f2e9e9e9edededf2f2f2fbfbfbb4b4b48b8b8b6666667171713e3e3e1b1b1b2828283838385b5b5bafafafe6e6e6f3f3f3ebebebedededf8f8f8fafafae6e6e6f9f9f9dddddde1e1e1fefefeedededdcdcdceaeaeab9b9b9878787a8a8a8d0d0d0d6d6d6f1f1f1f9f9f9e9e9e9efefefe5e5e5e8e8e8efefef, N'vobis essit.', 1, N'http://tslk.web3/xgbsp/xwovj/fktbz/ttiub/yudb.ini')
INSERT INTO [Operation].[Employees] ([EmployeeID], [LastName], [FirstName], [Title], [TitleOfCourtesy], [BirthDate], [HireDate], [Address], [City], [Region], [PostalCode], [Country], [HomePhone], [Extension], [Photo], [Notes], [ReportsTo], [PhotoPath]) VALUES (2, N'Michael', N'Gerard', N'Mr', N'Dr.', '2023-01-13 14:00:33.750', '1971-09-07 19:17:38.890', N'73 Nobel Way', N'Hialeah', N'TX-KT', N'27798', N'Puerto Rico', N'4475504952', N'82', 0xffd8ffe000104a46494600010101012c012c0000ffe1006645786966000049492a000800000004001a010500010000003e0000001b0105000100000046000000280103000100000002003a3b31010200100000004e000000000000002c010000010000002c010000010000005061696e742e4e45542076332e313000ffdb0043000201010201010202020202020202030503030303030604040305070607070706070708090b0908080a0807070a0d0a0a0b0c0c0c0c07090e0f0d0c0e0b0c0c0cffdb004301020202030303060303060c0807080c0c0c0c0c0c0c0c0c0c0c0c0c0c0c0c0c0c0c0c0c0c0c0c0c0c0c0c0c0c0c0c0c0c0c0c0c0c0c0c0c0c0c0c0c0c0c0c0c0cffc0001108001e001e03012200021101031101ffc4001f0000010501010101010100000000000000000102030405060708090a0bffc400b5100002010303020403050504040000017d01020300041105122131410613516107227114328191a1082342b1c11552d1f02433627282090a161718191a25262728292a3435363738393a434445464748494a535455565758595a636465666768696a737475767778797a838485868788898a92939495969798999aa2a3a4a5a6a7a8a9aab2b3b4b5b6b7b8b9bac2c3c4c5c6c7c8c9cad2d3d4d5d6d7d8d9dae1e2e3e4e5e6e7e8e9eaf1f2f3f4f5f6f7f8f9faffc4001f0100030101010101010101010000000000000102030405060708090a0bffc400b51100020102040403040705040400010277000102031104052131061241510761711322328108144291a1b1c109233352f0156272d10a162434e125f11718191a262728292a35363738393a434445464748494a535455565758595a636465666768696a737475767778797a82838485868788898a92939495969798999aa2a3a4a5a6a7a8a9aab2b3b4b5b6b7b8b9bac2c3c4c5c6c7c8c9cad2d3d4d5d6d7d8d9dae2e3e4e5e6e7e8e9eaf2f3f4f5f6f7f8f9faffda000c03010002110311003f00fd5db4d39628fa050a3927b57e70feda1ff0574f16787be38cba67c284b5d4bc25a12086eaf21b25bb9753b92e0394dc7fd4a0e0141f3618e71b6bf437e2c5bbdc7c24f13c50898cb269176a821cf9858c2e06dc02777a6075af03ff008250fc30f843f0b3e08f8074ef11783747ff008581a46809ac5d6ab7ba7c334b6f2ca0cf21f358975750c7921784e385c000f0dfd9ff00fe0b5316ade3f8bc3df12341b7d19a592259efad99d12c44a55519a375cf979392771201ce3b0fbcefb485908381f957e5e7fc1c6df10bc31f133c1de15d67c0cf0cf3a6aad65a835ae9863b97ce3cadccc1494ceec0e7ef647bfea4785eceeadbc23a547a8c867bf8ece15b990aed324a10076c0e996cd006b8fde464671918ae03c4bf141f45f8751d8d869365717b6b0cba7bef90dbaa143e564bac6fc28192b8c904601ae93c61e2e83c0fe17bcd56e639a582cd03b2c40173c81c6481d4fad7827c49f15f8bbc1fa5dc6bde0ebad26de4d69ee26beb2d46369216903002446504ab05201e30768e94015be36785748fdad7e3af83bc350da585b691e1e893c4dabb1b31baea6402382375207790b80f9e0723a8afa5a6bf5603a1af853f64af176a1f0efe3acd7de26ba9b58d73c7f63996784feeeddd67011555b185c39c91d368c0c74faea4d75c1e73401fffd9, N'regit, quoque', 2, N'http://gzz.webc15/wmdym/qyuhp/adfn.asm')
INSERT INTO [Operation].[Employees] ([EmployeeID], [LastName], [FirstName], [Title], [TitleOfCourtesy], [BirthDate], [HireDate], [Address], [City], [Region], [PostalCode], [Country], [HomePhone], [Extension], [Photo], [Notes], [ReportsTo], [PhotoPath]) VALUES (3, N'Wilkinson', N'Cherie', N'Dr.', N'Mr', '1979-11-28 21:52:42.270', '1958-01-30 20:18:14.820', N'143 Green Hague Avenue', N'Fresno', N'NH-FC', N'61362', N'Mauritius', N'436-832-9063', N'0', 0xffd8ffe000104a46494600010101012c012c0000ffe1006645786966000049492a000800000004001a010500010000003e0000001b010500010000004600000028010300010000000200000031010200100000004e000000000000002c010000010000002c010000010000005061696e742e4e45542076332e313000ffdb0043000201010201010202020202020202030503030303030604040305070607070706070708090b0908080a0807070a0d0a0a0b0c0c0c0c07090e0f0d0c0e0b0c0c0cffdb004301020202030303060303060c0807080c0c0c0c0c0c0c0c0c0c0c0c0c0c0c0c0c0c0c0c0c0c0c0c0c0c0c0c0c0c0c0c0c0c0c0c0c0c0c0c0c0c0c0c0c0c0c0c0c0cffc0001108001e001e03012200021101031101ffc4001f0000010501010101010100000000000000000102030405060708090a0bffc400b5100002010303020403050504040000017d01020300041105122131410613516107227114328191a1082342b1c11552d1f02433627282090a161718191a25262728292a3435363738393a434445464748494a535455565758595a636465666768696a737475767778797a838485868788898a92939495969798999aa2a3a4a5a6a7a8a9aab2b3b4b5b6b7b8b9bac2c3c4c5c6c7c8c9cad2d3d4d5d6d7d8d9dae1e2e3e4e5e6e7e8e9eaf1f2f3f4f5f6f7f8f9faffc4001f0100030101010101010101010000000000000102030405060708090a0bffc400b51100020102040403040705040400010277000102031104052131061241510761711322328108144291a1b1c109233352f0156272d10a162434e125f11718191a262728292a35363738393a434445464748494a535455565758595a636465666768696a737475767778797a82838485868788898a92939495969798999aa2a3a4a5a6a7a8a9aab2b3b4b5b6b7b8b9bac2c3c4c5c6c7c8c9cad2d3d4d5d6d7d8d9dae2e3e4e5e6e7e8e9eaf2f3f4f5f6f7f8f9faffda000c03010002110311003f00fd86822daa3d6b9e4f1db7887c4f73a3e862096e2c25f26ee7954b4713e012800237119e79001e3939c74b09c0af8ffe07ea1e25f0a789751f1c5e7c44d3f46d366f14dd45a96913e9b1986591eedd597cc76dd0af3c127e5c28e7b807d5da46b5347ab3e99a98b78efb9689a22424ea3ae01e411e993c739f4d67b7c0af13f0e5af8b6f3e32685af5ff00892c75ed2755bb92e2c2de38e3816181e0907cbb1324286fe267dfc7ddefee6d8ed401cecfe205b68cb124aa0c9206702be27d4bf69cd1b45f8fde24b3f11785bc4d0f87e6d59f51d36ead15e1b949bca44995d518165693cd38c9c7c871e9f6e5a5944d6a762f0c99e7fe03fe35ce6a1f09b44bdd4e5b99b4eb39cbb86fde2670f8ebc63b1e680380fd96bc7563f113c5f737b6ba26bf61a4e9367e4e9f73aab3cd34ed2392eeed2333838500139e0b0e3001f7cf3d48c820d65e89e1cb6d1e2611451445c6d2235daa001c003d053a5b589657cf98bf311956c13c03fd6803ffd9, N'quad estum.', 3, N'https://vjey.web26/dgelx/kaic.txt')
INSERT INTO [Operation].[Employees] ([EmployeeID], [LastName], [FirstName], [Title], [TitleOfCourtesy], [BirthDate], [HireDate], [Address], [City], [Region], [PostalCode], [Country], [HomePhone], [Extension], [Photo], [Notes], [ReportsTo], [PhotoPath]) VALUES (4, N'Beck', N'Vivian', N'Mr', N'Mr', '1963-10-29 01:59:57.650', '1978-10-17 21:23:26.660', N'639 West Hague St.', N'Mobile', N'MA-LS', N'16013', N'Italy', N'5962985199', N'1', 0xffd8ffe000104a46494600010101012c012c0000ffe1006645786966000049492a000800000004001a010500010000003e0000001b0105000100000046000000280103000100000002003a3831010200100000004e000000000000002c010000010000002c010000010000005061696e742e4e45542076332e313000ffdb0043000201010201010202020202020202030503030303030604040305070607070706070708090b0908080a0807070a0d0a0a0b0c0c0c0c07090e0f0d0c0e0b0c0c0cffdb004301020202030303060303060c0807080c0c0c0c0c0c0c0c0c0c0c0c0c0c0c0c0c0c0c0c0c0c0c0c0c0c0c0c0c0c0c0c0c0c0c0c0c0c0c0c0c0c0c0c0c0c0c0c0c0cffc0001108001e001e03012200021101031101ffc4001f0000010501010101010100000000000000000102030405060708090a0bffc400b5100002010303020403050504040000017d01020300041105122131410613516107227114328191a1082342b1c11552d1f02433627282090a161718191a25262728292a3435363738393a434445464748494a535455565758595a636465666768696a737475767778797a838485868788898a92939495969798999aa2a3a4a5a6a7a8a9aab2b3b4b5b6b7b8b9bac2c3c4c5c6c7c8c9cad2d3d4d5d6d7d8d9dae1e2e3e4e5e6e7e8e9eaf1f2f3f4f5f6f7f8f9faffc4001f0100030101010101010101010000000000000102030405060708090a0bffc400b51100020102040403040705040400010277000102031104052131061241510761711322328108144291a1b1c109233352f0156272d10a162434e125f11718191a262728292a35363738393a434445464748494a535455565758595a636465666768696a737475767778797a82838485868788898a92939495969798999aa2a3a4a5a6a7a8a9aab2b3b4b5b6b7b8b9bac2c3c4c5c6c7c8c9cad2d3d4d5d6d7d8d9dae2e3e4e5e6e7e8e9eaf2f3f4f5f6f7f8f9faffda000c03010002110311003f00fddd854015f9d5ff00050bff0082d2f883e0e78e759f0cfc28d2347bf4f0ddcbe9daaeb9aa5bc93c09788c15e28555d146c6dc85dc905f200006e3f7e6ade2b8b4a8c92c062be20fd947c27a87c3fd3fc6116bfe1ef0a789ec6cfc51731dedc6a5245161669d9565506360728e1b920e188383401d0ffc12a7fe0adb27eda5aedc7813c67a7e9fa678f6ceca4d4219ac032daea56e8caac76b125251b8120121806230073f6e4ca18d7c33f067f6568ecff6e3f877e3ad0bc2be11f05db5a596a17fa82e9538b96bf864b77b7894bec5e774cac7fdd3cf427ee477e6803e72f8e3f10a7d3ad655b60f2cb8c055ebe9fcebc3fc31ad5f787ef7549b5582ff0059d1f5d9a1b9965d12397ed9a54b10503cd5041646ce3238e30d838ceae8d336afa779f333bbcec4bb31c92c4824fe75b76da6c36f6f0caf1a4b24c182923951c0393d49c91401dbfecf3e378f4ff1a491dd40fa559ad8ac367fda575fe9e556425cccad9285891b4336ec2720715f44c7a8c7730ac91c892230c8653907f2af912f746863646450aaea240071e9d7d4f6fa53f4bf8a3ab7c31b963a6dc158665f2da171b93236e1b07be38fa5007fffd9, N'gravis esset', 4, N'https://pqqy.web4/snsoa/fvyaa/ieofq/umhlu.ini')
INSERT INTO [Operation].[Employees] ([EmployeeID], [LastName], [FirstName], [Title], [TitleOfCourtesy], [BirthDate], [HireDate], [Address], [City], [Region], [PostalCode], [Country], [HomePhone], [Extension], [Photo], [Notes], [ReportsTo], [PhotoPath]) VALUES (5, N'Greene', N'Melanie', N'Dr', N'Dr', '1955-07-03 18:50:31.190', '1987-07-07 18:41:21.040', N'115 Green Clarendon Blvd.', N'Oakland', N'ID-RU', N'97706', N'Romania', N'866183-0152', N'112', 0xffd8ffe000104a46494600010101012c012c0000ffe1006645786966000049492a000800000004001a010500010000003e0000001b0105000100000046000000280103000100000002003a3831010200100000004e000000000000002c010000010000002c010000010000005061696e742e4e45542076332e313000ffdb0043000201010201010202020202020202030503030303030604040305070607070706070708090b0908080a0807070a0d0a0a0b0c0c0c0c07090e0f0d0c0e0b0c0c0cffdb004301020202030303060303060c0807080c0c0c0c0c0c0c0c0c0c0c0c0c0c0c0c0c0c0c0c0c0c0c0c0c0c0c0c0c0c0c0c0c0c0c0c0c0c0c0c0c0c0c0c0c0c0c0c0c0cffc0001108001e001e03012200021101031101ffc4001f0000010501010101010100000000000000000102030405060708090a0bffc400b5100002010303020403050504040000017d01020300041105122131410613516107227114328191a1082342b1c11552d1f02433627282090a161718191a25262728292a3435363738393a434445464748494a535455565758595a636465666768696a737475767778797a838485868788898a92939495969798999aa2a3a4a5a6a7a8a9aab2b3b4b5b6b7b8b9bac2c3c4c5c6c7c8c9cad2d3d4d5d6d7d8d9dae1e2e3e4e5e6e7e8e9eaf1f2f3f4f5f6f7f8f9faffc4001f0100030101010101010101010000000000000102030405060708090a0bffc400b51100020102040403040705040400010277000102031104052131061241510761711322328108144291a1b1c109233352f0156272d10a162434e125f11718191a262728292a35363738393a434445464748494a535455565758595a636465666768696a737475767778797a82838485868788898a92939495969798999aa2a3a4a5a6a7a8a9aab2b3b4b5b6b7b8b9bac2c3c4c5c6c7c8c9cad2d3d4d5d6d7d8d9dae2e3e4e5e6e7e8e9eaf2f3f4f5f6f7f8f9faffda000c03010002110311003f00fddd854015f9d5ff00050bff0082d2f883e0e78e759f0cfc28d2347bf4f0ddcbe9daaeb9aa5bc93c09788c15e28555d146c6dc85dc905f200006e3f7e6ade2b8b4a8c92c062be20fd947c27a87c3fd3fc6116bfe1ef0a789ec6cfc51731dedc6a5245161669d9565506360728e1b920e188383401d0ffc12a7fe0adb27eda5aedc7813c67a7e9fa678f6ceca4d4219ac032daea56e8caac76b125251b8120121806230073f6e4ca18d7c33f067f6568ecff6e3f877e3ad0bc2be11f05db5a596a17fa82e9538b96bf864b77b7894bec5e774cac7fdd3cf427ee477e6803e72f8e3f10a7d3ad655b60f2cb8c055ebe9fcebc3fc31ad5f787ef7549b5582ff0059d1f5d9a1b9965d12397ed9a54b10503cd5041646ce3238e30d838ceae8d336afa779f333bbcec4bb31c92c4824fe75b76da6c36f6f0caf1a4b24c182923951c0393d49c91401dbfecf3e378f4ff1a491dd40fa559ad8ac367fda575fe9e556425cccad9285891b4336ec2720715f44c7a8c7730ac91c892230c8653907f2af912f746863646450aaea240071e9d7d4f6fa53f4bf8a3ab7c31b963a6dc158665f2da171b93236e1b07be38fa5007fffd9, N'quoque apparens', 5, N'http://eicv.netv49/jwchl/olimj/flrwu/tceoy/sdr.php')
INSERT INTO [Operation].[Employees] ([EmployeeID], [LastName], [FirstName], [Title], [TitleOfCourtesy], [BirthDate], [HireDate], [Address], [City], [Region], [PostalCode], [Country], [HomePhone], [Extension], [Photo], [Notes], [ReportsTo], [PhotoPath]) VALUES (6, N'Garner', N'Ian', N'Mr', N'Mr', '2017-12-10 05:04:11.360', '2007-11-21 08:37:20.360', N'43 White Fabien Drive', N'Santa Ana', N'MO-AA', N'95662', N'Burundi', N'587-4305471', N'907', 0x424d4e060000000000003600000028000000140000001a00000001001800000000001806000000000000000000000000000000000000a8a8a8bbbbbbd7d7d7dcdcdce8e8e8e4e4e4bebebeb5b5b5c5c5c5c4c4c4c2c2c2c5c5c5e1e1e1d8d8d8e6e6e6cfcfcfcfcfcfe2e2e2e8e8e8e8e8e88a8a8a727272797979999999c9c9c9d2d2d2b2b2b2b3b3b3c4c4c4a8a8a88989897f7f7fa0a0a0a8a8a8d2d2d2d2d2d2c7c7c7dcdcdce4e4e4e6e6e68e8e8e6c6c6c747474626262686868848484c5c5c5c6c6c69c9c9c6363637979799292928a8a8a858585949494cbcbcbd0d0d0f0f0f0ebebebe8e8e88484846e6e6e7373735d5d5d6060606e6e6e979797909090787878777777959595abababbfbfbfb3b3b3929292a9a9a9bbbbbbe1e1e1e2e2e2e4e4e48585857979797373736060606262625f5f5f6e6e6e6f6f6f7d7d7da3a3a3b3b3b3acacacc1c1c1b9b9b99191919c9c9ca6a6a6d4d4d4dededee3e3e39090908181817373736e6e6e6f6f6f5d5d5d6363637c7c7caaaaaab4b4b4aeaeaea3a3a3b3b3b3bdbdbda9a9a99a9a9aa1a1a1d5d5d5e2e2e2e7e7e79797978585857a7a7a8585857b7b7b6262626a6a6a999999c1c1c19999999a9a9ab9b9b9c4c4c4d1d1d1c9c9c9939393a6a6a6dcdcdceaeaeae9e9e9a0a0a09696968f8f8f9898987575756868687d7d7db0b0b0b5b5b58b8b8ba1a1a1d1d1d1b7b7b7b0b0b0c8c8c8a3a3a3a5a5a5dfdfdfededede9e9e9a8a8a8a9a9a99e9e9e8989894b4b4b626262929292bcbcbcadadad969696a0a0a0c4c4c4a6a6a6939393bbbbbbbababa9f9f9fddddddefefefeaeaeaa8a8a8b1b1b19c9c9c6868681818185252529d9d9dbfbfbfb2b2b29a9a9a818181aaaaaabebebeb3b3b3c1c1c1b9b9b9989898dbdbdbf0f0f0edededbbbbbbb0b0b09595951313132525255a5a5ab3b3b3d9d9d9d9d9d9a7a7a7ddddddb8b8b8b7b7b7d1d1d1c5c5c5b7b7b7abababb3b3b3f9f9f9ecececbfbfbfacacac5a5a5a1717172828286b6b6bafafafbcbcbccacacaa7a7a7dcdcdcd4d4d4d3d3d3d2d2d2bfbfbfa6a6a6adadada7a7a7f0f0f0eaeaeaccccccaaaaaa2e2e2e2020201f1f1f6565658e8e8e8d8d8dbfbfbfb2b2b2cfcfcfd8d8d8dcdcdcd8d8d8d5d5d5b1b1b16d6d6d686868d3d3d3f1f1f1cbcbcb9090902a2a2a2222221a1a1a5d5d5d7676768686869a9a9abababac0c0c0c1c1c1c3c3c3cacacac5c5c57c7c7c2f2f2f2e2e2eb7b7b7f1f1f1c3c3c35d5d5d3030301919193131317f7f7f919191b3b3b3cbcbcbf6f6f6c5c5c5929292868686acacacb3b3b35d5d5d2b2b2b2b2b2bb3b3b3eaeaeacccccc4343432f2f2f1212124f4f4fa8a8a8bbbbbbdadadadfdfdfffffffbcbcbc7d7d7d6767678c8c8c8484843a3a3a1e1e1e323232bfbfbff0f0f0d3d3d34c4c4c2929291616164f4f4fa7a7a7cccccce0e0e0dededefafafae6e6e6e6e6e6d0d0d0b9b9b96f6f6f3131310f0f0f3d3d3dcbcbcbf4f4f4c6c6c65858582020201c1c1c3e3e3e8f8f8fcdcdcddfdfdfe1e1e1d7d7d7c9c9c9e9e9e9d3d3d39c9c9c4444442e2e2e242424585858d5d5d5e9e9e9d3d3d39090903a3a3a0909090a0a0a4c4c4ca1a1a1b5b5b5737373898989aaaaaa959595696969424242222222282828181818a9a9a9f6f6f6e7e7e7dddddd9d9d9d6363632222222424241616162929293232321e1e1e3232323d3d3d242424242424313131212121222222262626acacacf8f8f8edededeaeaeab6b6b69191912424242323231313131a1a1a2929291717172424242323230e0e0e1b1b1b2929292020203434347a7a7ad2d2d2fffffff2f2f2ebebebdedededfdfdf5c5c5c1c1c1c2828282424241e1e1e1313131919192626262727272727271616161c1c1c636363dbdbdbf5f5f5f5f5f5eaeaeaededede9e9e9fcfcfc9393930404041a1a1a1616161111112828282222222a2a2a2727272424242525254b4b4ba4a4a4f5f5f5f2f2f2e7e7e7e4e4e4f0f0f0dfdfdfebebebc4c4c42e2e2e2b2b2b2525253838383535352020201a1a1a0e0e0e232323666666a7a7a7dfdfdfeaeaeaecececf1f1f1f2f2f2e9e9e9edededf2f2f2fbfbfbb4b4b48b8b8b6666667171713e3e3e1b1b1b2828283838385b5b5bafafafe6e6e6f3f3f3ebebebedededf8f8f8fafafae6e6e6f9f9f9dddddde1e1e1fefefeedededdcdcdceaeaeab9b9b9878787a8a8a8d0d0d0d6d6d6f1f1f1f9f9f9e9e9e9efefefe5e5e5e8e8e8efefef, N'glavans', 6, N'http://sqzqu.locala/xdsyg/xsyje/cvvye/iwxcd/two.php')
INSERT INTO [Operation].[Employees] ([EmployeeID], [LastName], [FirstName], [Title], [TitleOfCourtesy], [BirthDate], [HireDate], [Address], [City], [Region], [PostalCode], [Country], [HomePhone], [Extension], [Photo], [Notes], [ReportsTo], [PhotoPath]) VALUES (7, N'Gould', N'Bobbie', N'Mrs', N'Ms', '1998-04-08 02:16:20.230', '1958-04-25 12:25:34.320', N'28 West Milton Way', N'Fremont', N'MN-WC', N'09014', N'Germany', N'642330-6637', N'086', 0xffd8ffe000104a46494600010101012c012c0000ffe1006645786966000049492a000800000004001a010500010000003e0000001b010500010000004600000028010300010000000200000031010200100000004e000000000000002c010000010000002c010000010000005061696e742e4e45542076332e313000ffdb0043000201010201010202020202020202030503030303030604040305070607070706070708090b0908080a0807070a0d0a0a0b0c0c0c0c07090e0f0d0c0e0b0c0c0cffdb004301020202030303060303060c0807080c0c0c0c0c0c0c0c0c0c0c0c0c0c0c0c0c0c0c0c0c0c0c0c0c0c0c0c0c0c0c0c0c0c0c0c0c0c0c0c0c0c0c0c0c0c0c0c0c0cffc0001108001e001e03012200021101031101ffc4001f0000010501010101010100000000000000000102030405060708090a0bffc400b5100002010303020403050504040000017d01020300041105122131410613516107227114328191a1082342b1c11552d1f02433627282090a161718191a25262728292a3435363738393a434445464748494a535455565758595a636465666768696a737475767778797a838485868788898a92939495969798999aa2a3a4a5a6a7a8a9aab2b3b4b5b6b7b8b9bac2c3c4c5c6c7c8c9cad2d3d4d5d6d7d8d9dae1e2e3e4e5e6e7e8e9eaf1f2f3f4f5f6f7f8f9faffc4001f0100030101010101010101010000000000000102030405060708090a0bffc400b51100020102040403040705040400010277000102031104052131061241510761711322328108144291a1b1c109233352f0156272d10a162434e125f11718191a262728292a35363738393a434445464748494a535455565758595a636465666768696a737475767778797a82838485868788898a92939495969798999aa2a3a4a5a6a7a8a9aab2b3b4b5b6b7b8b9bac2c3c4c5c6c7c8c9cad2d3d4d5d6d7d8d9dae2e3e4e5e6e7e8e9eaf2f3f4f5f6f7f8f9faffda000c03010002110311003f00fd86822daa3d6b9e4f1db7887c4f73a3e862096e2c25f26ee7954b4713e012800237119e79001e3939c74b09c0af8ffe07ea1e25f0a789751f1c5e7c44d3f46d366f14dd45a96913e9b1986591eedd597cc76dd0af3c127e5c28e7b807d5da46b5347ab3e99a98b78efb9689a22424ea3ae01e411e993c739f4d67b7c0af13f0e5af8b6f3e32685af5ff00892c75ed2755bb92e2c2de38e3816181e0907cbb1324286fe267dfc7ddefee6d8ed401cecfe205b68cb124aa0c9206702be27d4bf69cd1b45f8fde24b3f11785bc4d0f87e6d59f51d36ead15e1b949bca44995d518165693cd38c9c7c871e9f6e5a5944d6a762f0c99e7fe03fe35ce6a1f09b44bdd4e5b99b4eb39cbb86fde2670f8ebc63b1e680380fd96bc7563f113c5f737b6ba26bf61a4e9367e4e9f73aab3cd34ed2392eeed2333838500139e0b0e3001f7cf3d48c820d65e89e1cb6d1e2611451445c6d2235daa001c003d053a5b589657cf98bf311956c13c03fd6803ffd9, N'eggredior. non', 7, N'https://timc.webf/uzkvo/xvyye/qjcua/fja.doc')
INSERT INTO [Operation].[Employees] ([EmployeeID], [LastName], [FirstName], [Title], [TitleOfCourtesy], [BirthDate], [HireDate], [Address], [City], [Region], [PostalCode], [Country], [HomePhone], [Extension], [Photo], [Notes], [ReportsTo], [PhotoPath]) VALUES (8, N'Sloan', N'Jean', N'Mr', N'Mr', '2007-02-10 02:07:31.560', '1970-10-25 09:40:15.930', N'38 Second Avenue', N'Nashville', N'RI-VQ', N'42889', N'Saint Helena', N'036647-4699', N'88', 0xffd8ffe000104a46494600010101006000600000ffe1006645786966000049492a000800000004001a010500010000003e0000001b010500010000004600000028010300010000000200000031010200100000004e00000000000000600000000100000060000000010000005061696e742e4e45542076332e313000ffdb0043000201010201010202020202020202030503030303030604040305070607070706070708090b0908080a0807070a0d0a0a0b0c0c0c0c07090e0f0d0c0e0b0c0c0cffdb004301020202030303060303060c0807080c0c0c0c0c0c0c0c0c0c0c0c0c0c0c0c0c0c0c0c0c0c0c0c0c0c0c0c0c0c0c0c0c0c0c0c0c0c0c0c0c0c0c0c0c0c0c0c0c0cffc00011080020001e03012200021101031101ffc4001f0000010501010101010100000000000000000102030405060708090a0bffc400b5100002010303020403050504040000017d01020300041105122131410613516107227114328191a1082342b1c11552d1f02433627282090a161718191a25262728292a3435363738393a434445464748494a535455565758595a636465666768696a737475767778797a838485868788898a92939495969798999aa2a3a4a5a6a7a8a9aab2b3b4b5b6b7b8b9bac2c3c4c5c6c7c8c9cad2d3d4d5d6d7d8d9dae1e2e3e4e5e6e7e8e9eaf1f2f3f4f5f6f7f8f9faffc4001f0100030101010101010101010000000000000102030405060708090a0bffc400b51100020102040403040705040400010277000102031104052131061241510761711322328108144291a1b1c109233352f0156272d10a162434e125f11718191a262728292a35363738393a434445464748494a535455565758595a636465666768696a737475767778797a82838485868788898a92939495969798999aa2a3a4a5a6a7a8a9aab2b3b4b5b6b7b8b9bac2c3c4c5c6c7c8c9cad2d3d4d5d6d7d8d9dae2e3e4e5e6e7e8e9eaf2f3f4f5f6f7f8f9faffda000c03010002110311003f00fa07e24e81e32f85de10d6bc61e23f0deb5a468de1f7935ad4eeee6c5add46cb8bcb97c9909dc0b2da8daa8c490dc7073e27fb3d7fc1c79e0ef0adfe99e1ed4bc09ad47a0db08e397598ae84b731baef612342c7eeb4c51d809461570a3802a5d2b51d47f6981aef8775f92f6587c49a3df471b5c5fcf71ba7f2e531165ca853e6c8c49cf21986189c1f85eefc136fe07d4f53f0dea505f5a0d3ee9a3b9b416515a84c7ca637246580eb93c9fc6be06b668a9be54aeffaf23ed329a50cd14949a56e9fd3d8fe8a8f8e750bbd3639a3f096a67ce86264379ae69b0c7344a9f22e4cf211f3885db19199790d8c3705f143f69b97e18e896777a668563abdc5c4ed1c2f67acdb5ddd4d0145dd2cd15bb47b58c8872412a09ea4b617e00b868d7f62af0fb5c42b3345ad43113b3058081cb303c900e724953eebe94fe1a7c5e97e1ef822e2cb50d2741bad3daf84b14134f7aa12568fe668fcb0898c01b890589c73b70069573297b34a2acdfa7f91f335313468d7e49aba5dafafe27cfde2cf1edc782fc6ab7767a35fea3e228a2b7b9b3d36cc96587cc0e88f71b8eeea9bc1553f2b29dc9952703f689f0b687f1abf6a8797c29aad96b9af6ad05bcfa825b90f1dbdc346a59908f95a30b8248385c30278aee3e2d7c77f0b7c4cf870b1dabe9f178dec2ce196675511dcdb5b5c008f143263efa492ab9519d9cb0079af32ff00827fb6876df15fc67359699a8dfdada8b7b3b39244f36642d23eedc55540cf944f217ee81d6bcea986bddaeba5cfd4f27c9b0784c25e1071a918a6efbcaf6d75d97556fd0fb9edbc01a67c40f0645e1782e2f2cb4f80ac987452cd22c78f319183210c31b88193b986ec935e3de26d08fc2dd5b56d1d774d6f0dc42c5a38e1b7967631960c4e436d018f0c49cbe79ce6a96b5ff0519f0a58f89afeced21d42de7f0ccef15f19adc247852c8c321b27956c75f5c1e95e5fa4feddabf18fc4572daa24367fbb0c8cb7a6da091530172db812f9924f4c8fa6165c1c5da0ee7cbe7dc3f5ab61278b8d2b4a16bf769f975b5cffd9, N'regit,', 8, N'https://pwsa.nett07/shfhz/svjhr/zlkgu/noazg/twh.ini')
INSERT INTO [Operation].[Employees] ([EmployeeID], [LastName], [FirstName], [Title], [TitleOfCourtesy], [BirthDate], [HireDate], [Address], [City], [Region], [PostalCode], [Country], [HomePhone], [Extension], [Photo], [Notes], [ReportsTo], [PhotoPath]) VALUES (9, N'Abbott', N'Angelica', N'Dr', N'Dr', '1959-01-08 10:02:24.890', '1967-09-14 06:23:29.690', N'95 Green Cowley Freeway', N'Cincinnati', N'CO-GE', N'23344', N'South Georgia', N'601-589-2737', N'580', 0xffd8ffe000104a46494600010101004800480000ffdb0043000302020302020303030304030304050805050404050a070706080c0a0c0c0b0a0b0b0d0e12100d0e110e0b0b1016101113141515150c0f171816141812141514ffdb00430103040405040509050509140d0b0d1414141414141414141414141414141414141414141414141414141414141414141414141414141414141414141414141414ffc00011080032003203012200021101031101ffc4001f0000010501010101010100000000000000000102030405060708090a0bffc400b5100002010303020403050504040000017d01020300041105122131410613516107227114328191a1082342b1c11552d1f02433627282090a161718191a25262728292a3435363738393a434445464748494a535455565758595a636465666768696a737475767778797a838485868788898a92939495969798999aa2a3a4a5a6a7a8a9aab2b3b4b5b6b7b8b9bac2c3c4c5c6c7c8c9cad2d3d4d5d6d7d8d9dae1e2e3e4e5e6e7e8e9eaf1f2f3f4f5f6f7f8f9faffc4001f0100030101010101010101010000000000000102030405060708090a0bffc400b51100020102040403040705040400010277000102031104052131061241510761711322328108144291a1b1c109233352f0156272d10a162434e125f11718191a262728292a35363738393a434445464748494a535455565758595a636465666768696a737475767778797a82838485868788898a92939495969798999aa2a3a4a5a6a7a8a9aab2b3b4b5b6b7b8b9bac2c3c4c5c6c7c8c9cad2d3d4d5d6d7d8d9dae2e3e4e5e6e7e8e9eaf2f3f4f5f6f7f8f9faffda000c03010002110311003f00f3af047c09167a87872dcb4a8fa9472f9aceb83116e840ee7dbb74ac5f107c733f083c46741d0347b3d7a7d3f7c06f6e10aa1767627f778e704e79ef5d87c52f8c31e917528d2a1b9d39a1f35bcd4ba321476e432e7240ce38ce38af04f87965a6eafe315bbbd7fb49526598bbb13239009639ee5893f8d562f114e93955a31d61d7b9e6e5781962ea2a75f552333c6de33f17f8ff00599ee7c43abdf99666dc2dbce68e2841ec8808007418fa5697837c57e32f8333dbeb5a06b1726c6420cfa75e1335acb96dabbd5b239278239afac7c3bf057c0ff10ee6de5bed3f6ddaa6d596091e3241c750a706bdb3c3bfb2c781bc2da65d5adc432eb76b33c770b6f720911ba36e5c639237807f3e2bc7a19daae9ce37bf53ec6ae40f0ffbaba71385fd9e3e3041f1ce6bfd22f6d0f86fc71a7a79f368b382ab2c608fde425864af23f3aefaeb4860fb1e23195e991f7abcdff68dd42d7c232d97c52d12dc58f8a341bd8ede7bc4409bac5fe578dd4f0c3257debe99d2be1d5c6b712dc5bb168c857cb82094201c83f435f6794e72b1543da557e47c2e6f91cb035f9211d1ea794ff629fee515eed17c11b678919e550e402c0bbf068af5ff00b4e99e0ff65573f37fe36f827c3c7c09a9dfdbddac77223dca40fde4a7a8071c8c74efd6be57f0d6ab2e8daadadc26fc06db228c7032324d7d73e35f87b16ad68638c5c79a1be45847de724e01ff00648fe75f2ff8abc2a967ac491c770eed76a3745829b187054f4c90411f857e5396e295684a1565767ea15b0ee9fef68ab28f4fd4fb2be0e7c7df01787a28229755b69b5055198a69923c103279623d2bdf07ed99a64de03bff0011587865a53673a5b2dbcf77046f36ec1dc0962368049273d8d7e654bfb37fc445b31792f8692d6c9a2f3d6e6ef51b4894c6403bbe69413c638ebed5f43fecfbfb30e95e3dfd9c3e21697ab3e8f0f89af1e2b9d3afa4b88d9ad0c651b696ce15640a54e7180d43c2e1e87c12b5df43d08e3315898dead3d912fed27fb5d7807e297c38f10f872df49bbb5d6351842c93e9a7ed16d0c8086e5f0a1871ce3bd7e93fc37f19e9da9fc2ff0008de692f36ab6179a45b1b7bf2851a55f2d577303d09c7ad7e30e95f007c43abea175a0db2dbcdaac0c5264b4bc865408061995836d3d739071f8e6bf5ebe1ec361f0ded7c17e13b1584786ecfc3dba196e27fdf02a51506d2464119278e0d7a9838528374e96ef567918d9e22708cf131b74477c63b973bb37633ce3ce345583e2fd281c79d18c76f34515eada7d8f27963dcfceed23e204f3691736f6e11af6080c892b2fdfc738e47b57cd5f1565b68ef226b8901bcbc9d6e248e4015add994e401d0866e73ee2baef0c78dec6c20485b4d966746cb48c1be470dc2a9ee0d627c5df8c97da8f83b5bf0e15b48d359d4ada6951635f392285130370f9b1bd01c7bd7c2e5d87952c4deda347ad3c7c6b53e58bd4e7359bed6a6b5d22e240f776f0ee5659a425558719230780318af44f05fece9aeebfe12d5753d335bd06e22b98bcc9445afec1b7696657411e7a06e9eb5e23a76ac6d5a0884a648e4e03c6dca76c13d86315f49feccde0fd645c6a1aae83e2cd07c2d0c64dbbea5aa4c1668cba8c98573f31c1c67dcd7d04e3ecaed9ebe1eaf32e6948f3eb8f006b5e1bf105c6ab26987c2da3416c65b5786679639f6809b50b7cc4bb1ce081debdb746f887adeb57b6714097126a31c4d6b6d717bb9232a3008c9e7a8a83e2f788f4cd2ef3c37e19b4f1147e20bcd249bcb9d66374065b962d8279230326b36cb583e4cfe5df412c6e15bcb8e42ec38ed8e9cd78b3c4e2e935568c7c8e1cc25424fd8bd523b49349f892d2317f18471b924944858853e80e3a515e7a7c4776a701242071ca0ff001a2ba7fb431c781ec68f73cf3405568882010036323a5782f882469bc49aa3c8c646fb401b98e4e38a28aecc0fc6ce0c175328caf0dc4a23768c67f84e2ba2b1bb9d74b8944d2052a780c71d4d14576e27e13e8f0df0c8bfe1ff00de336ef9b21b39e73d6ba4f0cdc4b06aafe5caf1fef00f9588ef4515e850ff00743ccc7ff18f464bc9ca2fefe4e9fdf3451457c91e69ffd9, N'eudis estis quo', 9, N'http://kwg.webs/hmcbh/pbcam.txt')
INSERT INTO [Operation].[Employees] ([EmployeeID], [LastName], [FirstName], [Title], [TitleOfCourtesy], [BirthDate], [HireDate], [Address], [City], [Region], [PostalCode], [Country], [HomePhone], [Extension], [Photo], [Notes], [ReportsTo], [PhotoPath]) VALUES (10, N'Rowe', N'Matt', N'Ms.', N'Dr.', '2019-11-28 21:29:53.380', '1973-12-16 21:46:17.320', N'359 Rocky Milton St.', N'Houston', N'KY-UN', N'52463', N'Burkina Faso', N'893-1881795', N'776', 0xffd8ffe000104a46494600010101006000600000ffe1006645786966000049492a000800000004001a010500010000003e0000001b010500010000004600000028010300010000000200000031010200100000004e00000000000000600000000100000060000000010000005061696e742e4e45542076332e313000ffdb0043000201010201010202020202020202030503030303030604040305070607070706070708090b0908080a0807070a0d0a0a0b0c0c0c0c07090e0f0d0c0e0b0c0c0cffdb004301020202030303060303060c0807080c0c0c0c0c0c0c0c0c0c0c0c0c0c0c0c0c0c0c0c0c0c0c0c0c0c0c0c0c0c0c0c0c0c0c0c0c0c0c0c0c0c0c0c0c0c0c0c0c0cffc00011080020001e03012200021101031101ffc4001f0000010501010101010100000000000000000102030405060708090a0bffc400b5100002010303020403050504040000017d01020300041105122131410613516107227114328191a1082342b1c11552d1f02433627282090a161718191a25262728292a3435363738393a434445464748494a535455565758595a636465666768696a737475767778797a838485868788898a92939495969798999aa2a3a4a5a6a7a8a9aab2b3b4b5b6b7b8b9bac2c3c4c5c6c7c8c9cad2d3d4d5d6d7d8d9dae1e2e3e4e5e6e7e8e9eaf1f2f3f4f5f6f7f8f9faffc4001f0100030101010101010101010000000000000102030405060708090a0bffc400b51100020102040403040705040400010277000102031104052131061241510761711322328108144291a1b1c109233352f0156272d10a162434e125f11718191a262728292a35363738393a434445464748494a535455565758595a636465666768696a737475767778797a82838485868788898a92939495969798999aa2a3a4a5a6a7a8a9aab2b3b4b5b6b7b8b9bac2c3c4c5c6c7c8c9cad2d3d4d5d6d7d8d9dae2e3e4e5e6e7e8e9eaf2f3f4f5f6f7f8f9faffda000c03010002110311003f00fa07e24e81e32f85de10d6bc61e23f0deb5a468de1f7935ad4eeee6c5add46cb8bcb97c9909dc0b2da8daa8c490dc7073e27fb3d7fc1c79e0ef0adfe99e1ed4bc09ad47a0db08e397598ae84b731baef612342c7eeb4c51d809461570a3802a5d2b51d47f6981aef8775f92f6587c49a3df471b5c5fcf71ba7f2e531165ca853e6c8c49cf21986189c1f85eefc136fe07d4f53f0dea505f5a0d3ee9a3b9b416515a84c7ca637246580eb93c9fc6be06b668a9be54aeffaf23ed329a50cd14949a56e9fd3d8fe8a8f8e750bbd3639a3f096a67ce86264379ae69b0c7344a9f22e4cf211f3885db19199790d8c3705f143f69b97e18e896777a668563abdc5c4ed1c2f67acdb5ddd4d0145dd2cd15bb47b58c8872412a09ea4b617e00b868d7f62af0fb5c42b3345ad43113b3058081cb303c900e724953eebe94fe1a7c5e97e1ef822e2cb50d2741bad3daf84b14134f7aa12568fe668fcb0898c01b890589c73b70069573297b34a2acdfa7f91f335313468d7e49aba5dafafe27cfde2cf1edc782fc6ab7767a35fea3e228a2b7b9b3d36cc96587cc0e88f71b8eeea9bc1553f2b29dc9952703f689f0b687f1abf6a8797c29aad96b9af6ad05bcfa825b90f1dbdc346a59908f95a30b8248385c30278aee3e2d7c77f0b7c4cf870b1dabe9f178dec2ce196675511dcdb5b5c008f143263efa492ab9519d9cb0079af32ff00827fb6876df15fc67359699a8dfdada8b7b3b39244f36642d23eedc55540cf944f217ee81d6bcea986bddaeba5cfd4f27c9b0784c25e1071a918a6efbcaf6d75d97556fd0fb9edbc01a67c40f0645e1782e2f2cb4f80ac987452cd22c78f319183210c31b88193b986ec935e3de26d08fc2dd5b56d1d774d6f0dc42c5a38e1b7967631960c4e436d018f0c49cbe79ce6a96b5ff0519f0a58f89afeced21d42de7f0ccef15f19adc247852c8c321b27956c75f5c1e95e5fa4feddabf18fc4572daa24367fbb0c8cb7a6da091530172db812f9924f4c8fa6165c1c5da0ee7cbe7dc3f5ab61278b8d2b4a16bf769f975b5cffd9, N'quo plurissimum', 10, N'https://oxtbn.netl63/wujrn/tfb.pdf')
INSERT INTO [Operation].[Employees] ([EmployeeID], [LastName], [FirstName], [Title], [TitleOfCourtesy], [BirthDate], [HireDate], [Address], [City], [Region], [PostalCode], [Country], [HomePhone], [Extension], [Photo], [Notes], [ReportsTo], [PhotoPath]) VALUES (11, N'Watts', N'Constance', N'Dr', N'Mr', '1972-08-24 22:58:08.330', '1953-08-16 12:39:48.440', N'265 Green Fabien St.', N'Omaha', N'ME-HI', N'12050', N'Palau', N'7316492423', N'36', 0x47494638396114001400f700001414141515151616161717171818181919191a1a1a1b1b1b1d1d1d1e1e1e1f1f1f2020202222222424242525252727272828282929292b2b2b2d2d2d3131313232323434343737373838383b3b3b3c3c3c3e3e3e4343434444444545454646464848484a4a4a4c4c4c5050505151515454545757575858585959595c5c5c5d5d5d5f5f5f6060606161616666666767676868686969696a6a6a6c6c6c6d6d6d6e6e6e6f6f6f7070707171717272727373737474747575757676767878787979797a7a7a7c7c7c7d7d7d7e7e7e7f7f7f8080808181818282828383838484848585858686868787878888888989898a8a8a8b8b8b8c8c8c8d8d8d8e8e8e8f8f8f9090909191919393939494949595959797979898989a9a9a9b9b9b9c9c9c9d9d9d9e9e9ea0a0a0a1a1a1a2a2a2a4a4a4a5a5a5a6a6a6a7a7a7a8a8a8abababadadadb2b2b2b4b4b4bcbcbcbebebec1c1c1c3c3c3c8c8c8c9c9c9cacacacbcbcbcccccccdcdcdcecececfcfcfd0d0d0d1d1d1d2d2d2d3d3d3d4d4d4d5d5d5d6d6d6d7d7d7d8d8d8d9d9d9dadadadbdbdbdcdcdcdddddddedede00000000000000000000000000000000000000000000000000000000000000000000000000000000000000000000000000000000000000000000000000000000000000000000000000000000000000000000000000000000000000000000000000000000000000000000000000000000000000000000000000000000000000000000000000000000000000000000000000000000000000000000000000000000000000000000000000000000000000000000000000000000000000000000000000000000000000000000000000000000000000000000000000000000000000000000000000000000000000000000000000000000000000000000000000000000000000000000000000000000000000000000000000000000000000000000000000000000000000000000000000000000000000000000000000000000000000000000000000000000000000000000000000000000000000000000000000000000000000000000000021f904010000ff002c00000000140014000008ff00e7d01948a7ce1b344bb8808993278f9e3d10f7e82958c78e9d3a5d2e2c4090208395877cf8f40959d1ce1d3b6526203870000102085744fa99d9c7e49d3b74404880d0e0c1030c1044e4f1f3a7a89f3b7892a6d1e0a1448b1d395e70a0b0e60fa0ab7ff034cc4386038b2457b65419e262c3184081d20272a8876b072053c49cd1f2838606268104e90da4a7af1e35254c7c684144c5881321b0081a446890a0887bd8d8589142059018336af460338871e33d21f9c83122e58b902543c24461328710a142ae438f148344090fdb438eb4616ca877a13ec081f311e2848610194f98302e64e8d021437d66fa010e060993244f9a2019c4bcb9f3e8e0fb508ac901444a921b48f8bc76fe3d381f231588e0f0b143095440ccd987863323028a224a38a184143a34a0811bf919b2871a242c6000033004614515594071c301052c60c21bbd21c18001030c60400b4f70e1c51758944080000518e00012822470c0000284f84014649461c6140a843800010520e0048602006064000f3051861716ac0840003f1e504140003b, N'dolorum quo quad', 11, N'https://neu.web/osgjq/jgvim/kks.xls')
INSERT INTO [Operation].[Employees] ([EmployeeID], [LastName], [FirstName], [Title], [TitleOfCourtesy], [BirthDate], [HireDate], [Address], [City], [Region], [PostalCode], [Country], [HomePhone], [Extension], [Photo], [Notes], [ReportsTo], [PhotoPath]) VALUES (12, N'Frye', N'Darryl', N'Mr', N'Miss', '2024-01-14 22:09:13.640', '2007-04-08 00:05:59.420', N'730 Clarendon Boulevard', N'Long Beach', N'RI-MY', N'49916', N'Niue', N'919-527-8243', N'474', 0x89504e470d0a1a0a0000000d494844520000001e0000001708060000001c3fff6a000000017352474200aece1ce90000000467414d410000b18f0bfc6105000000206348524d00007a26000080840000fa00000080e8000075300000ea6000003a98000017709cba513c000000097048597300000b1200000b1201d2dd7efc0000001874455874536f667477617265005061696e742e4e45542076332e313072b225920000093349444154484b3d960950546716859fa833999ad224a3291d93b174cc4c6226092e284844d018114485d666df648766ed6e9ab56d68e8665f955da0d91417221871899ab880316a3438d1b81b9528e29238ae44f19b1f5295eaba755fbfedfce79cfbdffb4614e726336af44869d4283311a3a43f8d1e2d8d321b298d14ff478e1cca2325b3116692d948336984f8bd92904698990d675ebe9246897b065f0e4acf7e1b9406075f492fc5b148c3f16a38183e7e3988f46a28401a181894a4ecb458f233951466a928cdd3505e984c7d591a8d55e9b4d464b2a9c6406bad918db506b6d489a837fe1e26036d22773466b1b5562feed3d15c259eab48a7a14c4b6d690ad5c5c9e27d1a4a733502238e2c9d82b4a450728df14886d42872d26329302829ce5651bb5ec785737b39f37d3b677b3af9e9d2113ab7165192172b1692c62601d25aaf679b2983eef654f697bb5193e4c0c642059b2a536828d752579a4a75612295f91af1ce380a8d2a011a49464a383a4d280579c94899299164eb62c9d32b2932aa69162c7f38b387f367f772e9c2d7f45eefa6ad398b8a02a5602554d890c1a66a1d072abcd9933e8762efc964384fc2a49c4343a607f525496c104cab0a1228cf55532a942c128a66ad8dc290aa10c0c1023805293d29429c10acd37e5fd9d6a67cae5d3ec48debdfd27fa787bede6f05cb742a0b54b454e968a95c4b739e3fb561d3c9779d44e4c2b7d0cba691ebf62e29aba753a896515334c4369ef5392a4a8cc2c68c38f1fee861e0b5f1c1ac2f4d17c0c902581b3d0c3ce443e7e7e5f4fd7c8c5bbddf71efee197a7f3a8aa93c858a7ca5f02e8596b264d647db92bc6c0261f3df24d1fe1d5a55b6b4252fa220351485f30c7213dda9c8530e03171be2c8135666a74591991281561dc486ea1c24ad26848cd4488cba187205f0a13d75fc7ce31beedef99efb02f8ca8f07d850aaa122370e5369228d0531a4ba4cc57fee587c668fc128fb37ed294bd893ed4c823282d8300fa264e6941aa287652e310ed91883511b855ea89b1c1780315314975698ad173e1bd646932d6ef8a2a30a93a988f3e70e70efce297a4eb6d1de9441b37e19db72e5d4252ec663ce58dc3efe0b6b66bf418eec03aa826ca84f5845b42284d0a00002967d883e6615255942e6cc18a166d41fc09a687f1aeb8b90027c571016242736d28314a51f99060de18a30366f59c757071ae9dc55cda1fdb5b4e57b6312c513b77c322eb3c721371f8bd7dcf1e85c66126a3f033f272ba283ddf1f276c761eedb042fff4014550cf9198290003608558718ab143e6c6c5a87b4c67b05fe5ecbf1f3722232cc9d98b830020282696c2864dffe260e1fde4c47470dad1b8bc856bbe2bb60123e365388767c8fd8a5d3c9f1b526cbcf96ec406b4a150b581bebc3d2d9e3719efb067aa51bf9fa48b2b40a0c622be913c3890ef5604b6b05d2a70e0e58d97cc202bbf9c85c1c51aac2494c8a262e2610656c00aa583f02fddc085de3213c8ec3dd72225ed693a9f6b7a42dce9196603b9a436dd8bf7605bb75cb290ab061e5acb1c8acdf22d0e903fc3cecf1f37462886090af33be9ecbe8d85e273cde75939c033f91bbe722eb76ff97a2cd5dc37e0407b81213e923d8bb8b63a144b41fba844012421c58653181a6703b8addad2994cda6d2cb8ad6503bb6a99790e33603178bd7f15ef47722e4e684fa3b096047dc577f8acc79216ef2cff872cf46a4b6ab8f39f8e0095dfd4f39fbeb338e5ebec98e9248d6a9e5a4abfd09f494e1215b2a56ee22acf0a2401782bdf938ca826d59e76d4385d702d6fbcdc714f009ad918b48709882b3c558fc964c24c673165a95174971fea8a37c090f96a389f765ff10f0ed174fe97bf98cde81c7f48b9ca44be1eb9a681a342e287d1cf174b0c575910d412b1c31a882284ef666e1fbafa177b76443c8222ae4b6e817cfa4668d258de1d6f8ccfb1bab2cc7e2bb70026a6f73d235434a8590a40c4019e94d4e762c278eee44baf5db13eebc784eeff3a7027880231debd9b52e80f62c4f1a954ed444da53b27a1ed98ef3a94c0f654ba11fde366fb37ace445ac43593ef7c9a84af8d8156a4384e63b9a876d779afe36e3d8eb095ef9211ef8d5674ab4401ac8af1125d4bcbc9a3bb90fa069e0bc6cfb92df23d01bcadb184afaaa2e8ccf1634b828c8698e554873ba176b5a5ab2d873be777e1633705aba9a3c992cf6153d0429a026d48b19f86bbc5785c668d61b5e59bc8adc6e36ef736aa600792d5012488228d8ff5a5baca40f7e10ea45f04d8c3c1e70ce5bb83038426aca5494c1453fc4a0c720bf2823e233e424e5e5a08d78e36a0f39987cdbf5ec34a847ce6387256cf24d3e543c2ed26b3f4c3bfe26ef53aabc4565a3ef34d164c1f83bfe3fba82356111fed8346f489ba9a1cba8f08e0db2f9ed0fbe219377f7bc6ed17034468b3d06a22a98a77a65e614f71a02d6ecbe670fb4a37978eb6a075b340261ac7a2f7c6e06b3591da106bea448507db4cc2d3723cfef3c7b1f4a331cc9e321a8b297f26d6732edd7beb69df5286511f852a6e0d8a701fa4aebbcf68bbfe8486cb4f29f8ee21497bae60e32ca348e542658483680c8be968c8e2d1cde3f45ffe8acfd37dd8b95e418bde932c0f73b6aa97b259e3489ed71ceab382f8a25c4994fd3f915bbf2346a4867eb1e047b77a7872e72cb72f7571e6d46e2e5e388af471401153ed954c5d18c8b44f9c79d7620136f32dc56c0dc2a45945457a20bf5cede6e9d31bfc2286c7c5fd95f4749671e3582b1dc94eecd03ad39126e7fbedb95c3a5023ce6fe7fcde6aee5f3dc6e3be733c14e3f551df0f3cba7e829e7d2d74ed6a1255fd05d2844913f8c794492cfe4c6c996017e46e9fa20e71a139533473017cfdd8561edffb81674faff348e407970e71efcae161f063c5be9cae8ae0dbc6786e74b772a432895ba73a7920583eb8728c47bda77978ed1bfed77f9e6b87dbe83219692f17335db463e9a319ef613ef33fd8d95ae120f6accc7909edeb543468bda88b5dc9e9f6626e9ddec9af42ae47fd3ddcbb7a58c87e929e9d15fcb8514d4fab8ef39d5574d519e93dbd8beb273bb8716413f72f0b89af1ee75c671dfbab52d99daf629ff8743ad85c40718ef80299653183d916339935eb63916791ac70657b81823231d6ca142e1c6ccce6f291eddc3ebd9b07d78e0b46bbe9fff1a01891919cdd51c4a52f1bc4f56ddc3cd1c9b5e33b38b7d744df899ddcbff80d57bfdecca15a1d7d670f0aa5bab877e108d74eedc35462e4ffafc0ba5535d047f30000000049454e44ae426082, N'e et et et', 12, N'https://zoeb.net/kigqy/kgdoa/innjt/gndln/eszh.txt')
INSERT INTO [Operation].[Employees] ([EmployeeID], [LastName], [FirstName], [Title], [TitleOfCourtesy], [BirthDate], [HireDate], [Address], [City], [Region], [PostalCode], [Country], [HomePhone], [Extension], [Photo], [Notes], [ReportsTo], [PhotoPath]) VALUES (13, N'Cantrell', N'Nicholas', N'Mrs.', N'Mr', '2001-04-25 13:00:18.180', '1978-04-22 20:00:57.420', N'22 Fabien Way', N'Baton Rouge', N'KY-FX', N'60127', N'Seychelles', N'883-9543073', N'578', 0x4749463839611e001e00f700001d1d1d2424232628272926242a29252b2c2a2f302d342924322e293d2d2534322c3435303c3b343f3f38463d32423f384a3b314341364341394a433548473c4a483c5041355b43375b443a5b4c3b614432644a356a43336e4f3b67503c69503c78523a534f4052514453554d5853455b564a5c59495e5e52625b4b6a5642725b457a5c427a5f4867645265645b6866556865596d6a576d6d597d614a706f5c7865516f706870706578766f7b7c72845d3d835743835d45905f44935d4d86644886694e8b62448d6a4c8d67528b6a51916a499b604a9c6d4d9c734c937556977e5a9d7453987d65a26e4ca86b4ba46e53a8754da47c54a67f5aad7352a97e54ab7b5ab27558b27851b47f59bc7556bc7b54ac7b60b17a61d47d57c97a639f815f87897fa4825baa845dac895db3845cb48b5cbb835db98956bc8b5cbd925fa6836aa58964a68968aa8363aa8963ad916eb58f69b98563be856abc8d63bb8d6db48e72b39062bd9164ba916bbf9f6fb59977bca17dc18e5dc98a5dc7935dc98b62c49163c49a6bcc9263c9956bca9864cb9a6cc59774c39d74cb9372ca9973cf9e7ad68969dd8f64d58a72d19664d1926ad19c66d29b6cda956adb9e69d59a75cea06bc5a074c4a57ccaa577cea179cca97adba16cd4a373d4a57bd7a977d1ab7adaa272dca47ad8a876dcad7bdab07fe19d71e1a76fe2a574e4a578e2ad75e3ac7aeba67ceaac76edab7fe3b27be7b87febb27b999882979691a19e8ea3a194a4a59bb0b0a8bebbb7c79f82da9c84c7aa84cdb59bd8a383deae9edfb684c1b6a9e3a881eaac83eead8ae3b485ecb283ecb189ebbb84eabd88e3b79ff3ad82f2b385f3b389f2bc84f6bb8afab68df9bc8bfbbd92e8b4a0cdc0afc1c1b5c1c1bacbc3b4cfcebfd1c4b4d5c9bff5c08af8c087fbc28dfdc293ffc198fec99de7c1a2e3d5bbcacbc2d0cbc0d8d6c8dbd9cbd8dbd7dcdddadae2e7eed7c6f4dfd7e6e3d3e5e5dcece3dbe5e7e6e5e7ece5e8efecedeae4eef2eff5eeecf4f6f4ebe4f1f1edfbf2ecf3f5f3f3f6faf6f9f7f5f9fcfaf6f3faf9f4fefefe00000000000021f904010000ff002c000000001e001e000008ff00fb091c38f01e2d1213429888316b1dc187101fde2ac140818412284c8878312da24781e66e28084060810202270328a810ee2344782716041050e0e48000010004280063dc3d9703734828405481830c1952a8c8e0c0228d58d680da62305481020840da641a366cd4a135194cb490d1d1633d110b504208726714b16ccdb66533e6cb12850a1beb79a4d6202701109188358bfb6c9bdc63c394301051819ac75a0c70262043ecd9336edb306f6366ec559e081422d8f298a3c08003414035bbccadb56166cc5c05cac0e0412d8f2e0a1cd0e127d53268d05ab77ea68d19acd90a1880f168a3c00734904efd060ead9b376ecc4679aab4020181111e7130ff58c167937461bc106d1962654a153a7784087121a1c64f88b224ac804286ce96273bc4c145154bcc40441242e87081021364c14f44f7b8d0011a52cca082106468c081184b04210412489471c4061d74614f44d760104414412c21040f4104114a114ba851071567548205194130722244bd60c0031548fcc0441b45f4a04c136104c2892aaa700248215748424f44e81841041a80cc114822475c91cc267f24420925913c1249218594824d44fb2cd2061e85a8420c227ffc910c2aa710a34c706372d2492b5746948b216698310825c1f4f1c732c150d28724cf38b30a28a274f2cd47d124328724c938e388164e246a062a8efcb10a2a9170f2093a1fa5df83c81c7f94524a9e71d09148279d5002c824aa8002ca27e0b8440f1e7108e208ad7f3442092f724ce1072baa9cc28926ea00b5cb1f806c82860fb87c134d2e949c620a2caa0c93892ef2e4e3123b8000920a995e382b8c32aca4928a2ba3e842ce3cfa00a5cb208444024924a10033582ba3b8e28a26bbccf353c01fb103c71d6910320925ad04738a289e8ce28b2ee500ac0fc51f4963471965281b4c31a158a2c927ba8813cf3cf3f493f347f7b4f3c61861501107258a1ca2c725ba5c738ec9f878a4cf3defbc73ce2f6eb811c6176ce8b1872eba54b3343e01a3dc4f40003b, N'Pro nomen', 13, N'http://nnezx.net8/pssir/rstnp/xyvtm/xdtwh/meop.asm')
INSERT INTO [Operation].[Employees] ([EmployeeID], [LastName], [FirstName], [Title], [TitleOfCourtesy], [BirthDate], [HireDate], [Address], [City], [Region], [PostalCode], [Country], [HomePhone], [Extension], [Photo], [Notes], [ReportsTo], [PhotoPath]) VALUES (14, N'Cherry', N'Sonya', N'Ms.', N'Dr.', '1953-02-21 13:01:06.030', '1990-01-28 09:48:13.380', N'159 Rocky Fabien Way', N'Newark', N'PA-HH', N'70727', N'Botswana', N'664-976-4575', N'89', 0xffd8ffe000104a46494600010101012c012c0000ffe1006645786966000049492a000800000004001a010500010000003e0000001b010500010000004600000028010300010000000200000031010200100000004e000000000000002c010000010000002c010000010000005061696e742e4e45542076332e313000ffdb0043000201010201010202020202020202030503030303030604040305070607070706070708090b0908080a0807070a0d0a0a0b0c0c0c0c07090e0f0d0c0e0b0c0c0cffdb004301020202030303060303060c0807080c0c0c0c0c0c0c0c0c0c0c0c0c0c0c0c0c0c0c0c0c0c0c0c0c0c0c0c0c0c0c0c0c0c0c0c0c0c0c0c0c0c0c0c0c0c0c0c0c0cffc0001108001e001e03012200021101031101ffc4001f0000010501010101010100000000000000000102030405060708090a0bffc400b5100002010303020403050504040000017d01020300041105122131410613516107227114328191a1082342b1c11552d1f02433627282090a161718191a25262728292a3435363738393a434445464748494a535455565758595a636465666768696a737475767778797a838485868788898a92939495969798999aa2a3a4a5a6a7a8a9aab2b3b4b5b6b7b8b9bac2c3c4c5c6c7c8c9cad2d3d4d5d6d7d8d9dae1e2e3e4e5e6e7e8e9eaf1f2f3f4f5f6f7f8f9faffc4001f0100030101010101010101010000000000000102030405060708090a0bffc400b51100020102040403040705040400010277000102031104052131061241510761711322328108144291a1b1c109233352f0156272d10a162434e125f11718191a262728292a35363738393a434445464748494a535455565758595a636465666768696a737475767778797a82838485868788898a92939495969798999aa2a3a4a5a6a7a8a9aab2b3b4b5b6b7b8b9bac2c3c4c5c6c7c8c9cad2d3d4d5d6d7d8d9dae2e3e4e5e6e7e8e9eaf2f3f4f5f6f7f8f9faffda000c03010002110311003f00fd94b2558907b57e7f7c6bfda7ff006a1fdb27e36f89fc37fb366950f87bc1fe01d6e5d0af75fbe86056d62ee06db3843382044ae0a8d8bcf5dc73b57edd7f13ac27effeb5e3dfb28f8125fd9cdbc4335b78b1ad6d6ffc59a9ea5a9594ba7239bd9afaedee449e60f9955639c0e0600404e00340177f622fda1be25789fc45affc36f8dbe1db1f0ffc4bf0c5ac3a94773a7b87b0f1069d2b322dcc454950e8ea52440782548003607d057300931eb5e67e0ef0135dfc706f1c5f78886bba9368d2e971ecb25b6482de5b84995300f2cad11049e4e7b6315e9135ce0d007e547edd7ff05d8f07fece5e29d53c29e0fd3a5f1bf8af4b7682e9d6610e996330e0a34832d23a9e0aa0c64105c1040e5ffe08c3fb6078dbe3ae91e33f1dc5a9e8faef88359f15492f88bc39a84ed6b059318224b7b9b7da1de208a862ee191793c035f8b9a5ea524f249e6bbcb2310ececdb8b139ce49ebc8cfe35f60ff00c10e7e2ccdf0e7f6faf0fe9051e7d33c736b71a3df41c147648da58a52a78255a3033d4076f5c5007e9a78d3f6ccf1cfc0aff82bff00c2df0a4baa59def86be2e69f61a3ead68b116b4b2945d5e2c1f6439051a3699559b9f332770c85dbf62788ff006e3f87be11fda93c45f08b59d663d13c51e1ed2edb59f32fd920b5bdb69b68cc7216c6f46650c8d8386046e19dbf96dfb68fc6c87c61ff0005d9fd9dbc356b6925b8f067887c3f6f2c8d80b334fa8452fc8013f28464193839cf18009f98bfe0beff0014a6f197fc1567e261612c71e9234fd36200f3b63b0b7ddf8172e7f11401ffd9, N'quartu Id', 14, N'http://lnz.local/ypunt/xga.bmp')
INSERT INTO [Operation].[Employees] ([EmployeeID], [LastName], [FirstName], [Title], [TitleOfCourtesy], [BirthDate], [HireDate], [Address], [City], [Region], [PostalCode], [Country], [HomePhone], [Extension], [Photo], [Notes], [ReportsTo], [PhotoPath]) VALUES (15, N'Mckay', N'Tyler', N'Mr', N'Mr', '2000-01-21 03:26:49.960', '1977-12-15 21:55:47.180', N'606 South Oak Boulevard', N'Raleigh', N'DE-OO', N'84010', N'Suriname', N'4053123600', N'6', 0x47494638396114001400f700002929292c2c2c3030303232323434343737373838383939393a3a3a3b3b3b3c3c3c3d3d3d3e3e3e3f3f3f4040404141414242424343434444444545454646464747474848484949494b4b4b4c4c4c4d4d4d5050505151515252525454545656565959595b5b5b5c5c5c5e5e5e6565656a6a6a6b6b6b6c6c6c6e6e6e7070707171717272727373737474747575757676767878787979797b7b7b7c7c7c8181818282828383838787878888888a8a8a8e8e8e9090909191919494949595959696969898989999999a9a9a9f9f9fa0a0a0a4a4a4a5a5a5a6a6a6a7a7a7a8a8a8a9a9a9acacacadadadafafafb1b1b1b2b2b2b3b3b3b4b4b4b5b5b5b6b6b6b7b7b7b8b8b8bbbbbbbcbcbcbebebec0c0c0c2c2c2c3c3c3c4c4c4c5c5c5c6c6c6c8c8c8c9c9c9cacacacbcbcbcccccccdcdcdcecececfcfcfd0d0d0d1d1d1d2d2d2d3d3d3d4d4d4d5d5d5d6d6d6d7d7d7d8d8d8d9d9d9dadadadbdbdbdcdcdcdddddde1e1e1e2e2e2e8e8e8e9e9e9edededeeeeee00000000000000000000000000000000000000000000000000000000000000000000000000000000000000000000000000000000000000000000000000000000000000000000000000000000000000000000000000000000000000000000000000000000000000000000000000000000000000000000000000000000000000000000000000000000000000000000000000000000000000000000000000000000000000000000000000000000000000000000000000000000000000000000000000000000000000000000000000000000000000000000000000000000000000000000000000000000000000000000000000000000000000000000000000000000000000000000000000000000000000000000000000000000000000000000000000000000000000000000000000000000000000000000000000000000000000000000000000000000000000000000000000000000000000000000000000000000000000000000000000000000000000000000000000000000000000000000000000000000000000000000000000000021f904010000ff002c00000000140014000008ff00d5b071f3064e1c3973c208f961c50d9d3910e5481448304e9c373f344888e00186193a0fe74c1c68300e8b184e8410119242c59b9022291a8463628c9d3c77e670b1b1046444356d0ac281e3b18e1e3c72bac818e233661b3706cb9cf892e50d1b25465ad40839126a9c2f2f66c4a04225c78d1a2b108a9423330e1b2366c690e112970711b55d0bc6d102660c942555c6ece812514e1c8a7acd4089326587112941d64a8c93864dd0994bb0308102844a11899329af79aa378916315eb6e03862b1351c346b060a6de2420c191e208e0cddfd06b6e5376d9018a11162c4871229661009fac6cd19356aaee8e8b0c1c8931e3060e0b8810182881f64da7c76f141823a060c1c762c21020446060b163064f010a304850a172c4c987001828206092800010414e42781040528c0400412401001040e30a040020c24b08003113cf0c00202105000023acc9084860c34a080020eb0a0c0030c30600000010c8082143d7c81810818740041032df8a0c1020d1c404040003b, N'vantis.', 15, N'https://jxwks.netv4/rpdcy/aypdz/yjonp/onywo/qock.ini')
SET IDENTITY_INSERT [Operation].[Employees] OFF
PRINT(N'Operation applied to 15 rows out of 15')

PRINT(N'Add rows to [Sales].[CustomerDemographics]')
INSERT INTO [Sales].[CustomerDemographics] ([CustomerTypeID], [CustomerDesc]) VALUES (N'56257     ', N'in sed quad quo,')
INSERT INTO [Sales].[CustomerDemographics] ([CustomerTypeID], [CustomerDesc]) VALUES (N'90486     ', N'in si estum.')
INSERT INTO [Sales].[CustomerDemographics] ([CustomerTypeID], [CustomerDesc]) VALUES (N'93349     ', N'bono non')
PRINT(N'Operation applied to 3 rows out of 3')

PRINT(N'Add rows to [Sales].[Customers]')
INSERT INTO [Sales].[Customers] ([CustomerID], [CompanyName], [ContactName], [ContactTitle], [Address], [City], [Region], [PostalCode], [Country], [Phone], [Fax]) VALUES (N'18067', N'Zeekilefax Holdings ', N'Jared Shields', N'Sales', N'154 West Green Old Parkway', N'Arlington', N'KS-TC', N'54085', N'Guatemala', N'367-063-6305', N'')
INSERT INTO [Sales].[Customers] ([CustomerID], [CompanyName], [ContactName], [ContactTitle], [Address], [City], [Region], [PostalCode], [Country], [Phone], [Fax]) VALUES (N'50271', N'Cipquestollor WorldWide ', N'Jeremy Andrews', N'Prepaid Customer', N'407 Clarendon St.', N'Charlotte', N'MN-NL', N'90292', N'Djibouti', N'528-5120528', N'9887359157')
INSERT INTO [Sales].[Customers] ([CustomerID], [CompanyName], [ContactName], [ContactTitle], [Address], [City], [Region], [PostalCode], [Country], [Phone], [Fax]) VALUES (N'53235', N'Inquestedazz WorldWide ', N'Angelica Fischer', N'Accounting', N'50 Milton Boulevard', N'Yonkers', N'HI-RJ', N'23070', N'Lesotho', N'604-431-3216', N'905-9034624')
INSERT INTO [Sales].[Customers] ([CustomerID], [CompanyName], [ContactName], [ContactTitle], [Address], [City], [Region], [PostalCode], [Country], [Phone], [Fax]) VALUES (N'84461', N'Thrurobover  ', N'Leon Rasmussen', N'Technical', N'247 Green Oak Avenue', N'Rochester', N'IN-GD', N'93498', N'Saint Helena', N'8460986994', N'186-850-9509')
INSERT INTO [Sales].[Customers] ([CustomerID], [CompanyName], [ContactName], [ContactTitle], [Address], [City], [Region], [PostalCode], [Country], [Phone], [Fax]) VALUES (N'96013', N'Unerazz  ', N'Corey Cobb', N'Web', N'40 Clarendon Freeway', N'Spokane', N'MN-JB', NULL, N'Liechtenstein', N'547896-4237', N'819-2472984')
PRINT(N'Operation applied to 5 rows out of 5')

PRINT(N'Add row to [Sales].[DiscountCode]')
SET IDENTITY_INSERT [Sales].[DiscountCode] ON
INSERT INTO [Sales].[DiscountCode] ([DiscountID], [Code], [DiscountPercentage], [ExpiryDate]) VALUES (1, N'PYY4F1', 29.68, '2011-03-03 07:29:46.000')
SET IDENTITY_INSERT [Sales].[DiscountCode] OFF

PRINT(N'Add rows to [Sales].[LoyaltyProgram]')
SET IDENTITY_INSERT [Sales].[LoyaltyProgram] ON
INSERT INTO [Sales].[LoyaltyProgram] ([ProgramID], [ProgramName], [PointsMultiplier]) VALUES (1, N'Alison1', 2.60)
INSERT INTO [Sales].[LoyaltyProgram] ([ProgramID], [ProgramName], [PointsMultiplier]) VALUES (2, N'Darin660', 8.53)
INSERT INTO [Sales].[LoyaltyProgram] ([ProgramID], [ProgramName], [PointsMultiplier]) VALUES (3, N'Shawna756', 8.57)
SET IDENTITY_INSERT [Sales].[LoyaltyProgram] OFF
PRINT(N'Operation applied to 3 rows out of 3')

PRINT(N'Add rows to [Logistics].[MaintenanceLog]')
SET IDENTITY_INSERT [Logistics].[MaintenanceLog] ON
INSERT INTO [Logistics].[MaintenanceLog] ([LogID], [FlightID], [MaintenanceDate], [Description], [MaintenanceStatus]) VALUES (1, 9, '1999-12-23 11:33:47.040', N'non fecit. si volcans rarendum gravum cognitio, vobis venit. non manifestum quad quoque novum pladior', N'Complete')
INSERT INTO [Logistics].[MaintenanceLog] ([LogID], [FlightID], [MaintenanceDate], [Description], [MaintenanceStatus]) VALUES (2, 6, '2008-10-24 19:21:53.130', N'quorum e Pro si pladior novum cognitio, vobis pars novum sed nomen volcans plorum venit. quo, parte fecit.', N'Complete')
INSERT INTO [Logistics].[MaintenanceLog] ([LogID], [FlightID], [MaintenanceDate], [Description], [MaintenanceStatus]) VALUES (3, 6, '1985-06-15 04:48:50.180', N'quo apparens transit. non trepicandor fecit, quo glavans ut quad estum. Quad Versus plorum esset in delerium.', N'Complete')
INSERT INTO [Logistics].[MaintenanceLog] ([LogID], [FlightID], [MaintenanceDate], [Description], [MaintenanceStatus]) VALUES (4, 5, '2001-05-26 22:27:27.200', N'non volcans Pro pladior in parte vantis. fecit. travissimantor Sed non Multum nomen eggredior. quorum gravis', N'Complete')
INSERT INTO [Logistics].[MaintenanceLog] ([LogID], [FlightID], [MaintenanceDate], [Description], [MaintenanceStatus]) VALUES (5, 3, '1958-03-14 01:50:01.990', N'glavans quoque si et gravis gravum quo, estis nomen et fecit. quo, novum volcans gravum quo in fecit,', N'Complete')
INSERT INTO [Logistics].[MaintenanceLog] ([LogID], [FlightID], [MaintenanceDate], [Description], [MaintenanceStatus]) VALUES (6, 5, '2018-05-15 18:35:36.090', N'Versus novum quad quartu plorum glavans et delerium. glavans non quo, imaginator manifestum non Tam non', N'Complete')
INSERT INTO [Logistics].[MaintenanceLog] ([LogID], [FlightID], [MaintenanceDate], [Description], [MaintenanceStatus]) VALUES (7, 5, '1969-06-30 04:07:41.540', N'quo, si habitatio homo, si Multum rarendum Tam Id vobis trepicandor non transit. regit, bono regit, bono essit.', N'Complete')
INSERT INTO [Logistics].[MaintenanceLog] ([LogID], [FlightID], [MaintenanceDate], [Description], [MaintenanceStatus]) VALUES (8, 1, '1997-01-08 01:16:25.160', N'plurissimum quad eggredior. plorum quad non novum plorum manifestum Longam, quad non sed sed quis quartu nomen quoque novum apparens cognitio,', N'Complete')
INSERT INTO [Logistics].[MaintenanceLog] ([LogID], [FlightID], [MaintenanceDate], [Description], [MaintenanceStatus]) VALUES (9, 10, '1973-01-26 08:27:00.080', N'fecundio, si estum. et bono Quad plorum novum eggredior. parte si si eudis Quad esset dolorum dolorum', N'Complete')
INSERT INTO [Logistics].[MaintenanceLog] ([LogID], [FlightID], [MaintenanceDate], [Description], [MaintenanceStatus]) VALUES (10, 4, '2010-10-31 20:06:37.490', N'estis quad vobis cognitio, quartu Versus homo, fecit. e cognitio, funem. quad vobis sed glavans quorum essit. linguens Longam, quorum', N'Complete')
SET IDENTITY_INSERT [Logistics].[MaintenanceLog] OFF
PRINT(N'Operation applied to 10 rows out of 10')

PRINT(N'Add rows to [Sales].[CustomersFeedback]')
SET IDENTITY_INSERT [Sales].[CustomersFeedback] ON
INSERT INTO [Sales].[CustomersFeedback] ([FeedbackID], [CustomerID], [FeedbackDate], [Rating], [Comments]) VALUES (1, N'50271', '1976-09-01 05:16:08.560', 5, N'et rarendum quartu apparens plorum Quad Tam si quantare trepicandor non Id Multum bono linguens esset quo')
INSERT INTO [Sales].[CustomersFeedback] ([FeedbackID], [CustomerID], [FeedbackDate], [Rating], [Comments]) VALUES (2, N'18067', '2019-03-07 04:57:41.020', 2, N'brevens, pars rarendum venit. non pladior habitatio quad essit. egreddior plorum estis ut vantis. quad glavans')
INSERT INTO [Sales].[CustomersFeedback] ([FeedbackID], [CustomerID], [FeedbackDate], [Rating], [Comments]) VALUES (3, N'18067', '1976-06-17 06:25:34.500', 1, N'gravis gravis pladior eudis quartu non regit, travissimantor delerium. Longam, eudis transit. non e quartu quantare')
INSERT INTO [Sales].[CustomersFeedback] ([FeedbackID], [CustomerID], [FeedbackDate], [Rating], [Comments]) VALUES (4, N'18067', '2007-10-17 23:27:41.410', 5, N'non estis habitatio plurissimum eggredior. Longam, Quad pladior homo, brevens, linguens et delerium. plorum quoque quo eggredior. estis estum.')
INSERT INTO [Sales].[CustomersFeedback] ([FeedbackID], [CustomerID], [FeedbackDate], [Rating], [Comments]) VALUES (5, N'84461', '2021-07-26 12:11:47.630', 3, N'homo, essit. essit. fecit. pladior eggredior. funem. manifestum volcans e plorum quoque quo linguens eggredior. et plurissimum novum')
SET IDENTITY_INSERT [Sales].[CustomersFeedback] OFF
PRINT(N'Operation applied to 5 rows out of 5')

PRINT(N'Add rows to [Sales].[Orders]')
SET IDENTITY_INSERT [Sales].[Orders] ON
INSERT INTO [Sales].[Orders] ([OrderID], [CustomerID], [EmployeeID], [OrderDate], [RequiredDate], [ShippedDate], [ShipVia], [Freight], [ShipName], [ShipAddress], [ShipCity], [ShipRegion], [ShipPostalCode], [ShipCountry], [ShipCountryCode]) VALUES (1, N'50271', 15, '2000-10-22 15:21:55.560', '1966-11-26 15:37:30.600', '2003-12-29 15:53:05.650', 5, 763.0899, N'Claire', N'820 White Clarendon St.', N'Tucson', N'TX-LN', N'11708', N'Timor-Leste', 43)
INSERT INTO [Sales].[Orders] ([OrderID], [CustomerID], [EmployeeID], [OrderDate], [RequiredDate], [ShippedDate], [ShipVia], [Freight], [ShipName], [ShipAddress], [ShipCity], [ShipRegion], [ShipPostalCode], [ShipCountry], [ShipCountryCode]) VALUES (2, N'18067', 10, '1990-07-20 06:56:32.410', '2011-05-19 22:15:30.540', '1961-03-20 13:34:28.650', 3, 702.5507, N'Wesley', N'78 West New Avenue', N'Louisville', N'NY-PH', N'71915', N'Kiribati', 76)
INSERT INTO [Sales].[Orders] ([OrderID], [CustomerID], [EmployeeID], [OrderDate], [RequiredDate], [ShippedDate], [ShipVia], [Freight], [ShipName], [ShipAddress], [ShipCity], [ShipRegion], [ShipPostalCode], [ShipCountry], [ShipCountryCode]) VALUES (3, N'18067', 10, '2013-03-14 12:58:14.140', '1991-10-30 23:57:09.140', '1970-06-17 10:56:04.150', 3, 643.8769, N'Antoine27', N'32 West White Nobel Boulevard', N'Stockton', N'WY-KT', N'34153', N'Spain', 54)
SET IDENTITY_INSERT [Sales].[Orders] OFF
PRINT(N'Operation applied to 3 rows out of 3')

PRINT(N'Add row to [Sales].[Territories]')
INSERT INTO [Sales].[Territories] ([TerritoryID], [TerritoryDescription], [RegionID], [RegionName], [RegionCode], [RegionOwner], [Nationality], [NationalityCode]) VALUES (N'01619', N'quis venit. vantis. non et estis linguens transit.', 3, N'NY-PJ     ', N'DE-IP     ', N'OH-AU     ', N'American', N'')

PRINT(N'Add rows to [Logistics].[EmployeeTerritories]')
INSERT INTO [Logistics].[EmployeeTerritories] ([EmployeeID], [TerritoryID]) VALUES (1, N'01619')
INSERT INTO [Logistics].[EmployeeTerritories] ([EmployeeID], [TerritoryID]) VALUES (2, N'01619')
INSERT INTO [Logistics].[EmployeeTerritories] ([EmployeeID], [TerritoryID]) VALUES (3, N'01619')
INSERT INTO [Logistics].[EmployeeTerritories] ([EmployeeID], [TerritoryID]) VALUES (4, N'01619')
INSERT INTO [Logistics].[EmployeeTerritories] ([EmployeeID], [TerritoryID]) VALUES (5, N'01619')
INSERT INTO [Logistics].[EmployeeTerritories] ([EmployeeID], [TerritoryID]) VALUES (6, N'01619')
INSERT INTO [Logistics].[EmployeeTerritories] ([EmployeeID], [TerritoryID]) VALUES (11, N'01619')
INSERT INTO [Logistics].[EmployeeTerritories] ([EmployeeID], [TerritoryID]) VALUES (12, N'01619')
INSERT INTO [Logistics].[EmployeeTerritories] ([EmployeeID], [TerritoryID]) VALUES (13, N'01619')
INSERT INTO [Logistics].[EmployeeTerritories] ([EmployeeID], [TerritoryID]) VALUES (15, N'01619')
PRINT(N'Operation applied to 10 rows out of 10')

PRINT(N'Add rows to [Sales].[OrderAuditLog]')
SET IDENTITY_INSERT [Sales].[OrderAuditLog] ON
INSERT INTO [Sales].[OrderAuditLog] ([AuditID], [OrderID], [ChangeDate], [ChangeDescription]) VALUES (1, 1, '1966-04-23 13:08:18.130', N'quantare pars fecit. ut quantare vobis vantis. quoque novum transit. Et quo volcans volcans Tam imaginator')
INSERT INTO [Sales].[OrderAuditLog] ([AuditID], [OrderID], [ChangeDate], [ChangeDescription]) VALUES (2, 3, '2008-01-04 03:53:35.630', N'Pro regit, et quad fecit, glavans estum. sed gravis volcans apparens non Quad volcans volcans volcans Versus non')
INSERT INTO [Sales].[OrderAuditLog] ([AuditID], [OrderID], [ChangeDate], [ChangeDescription]) VALUES (3, 3, '1980-05-08 12:28:34.210', N'esset quoque manifestum Tam in travissimantor quartu brevens, quoque fecit, imaginator fecit. ut Longam, trepicandor')
INSERT INTO [Sales].[OrderAuditLog] ([AuditID], [OrderID], [ChangeDate], [ChangeDescription]) VALUES (4, 3, '1955-06-02 05:14:27.720', N'rarendum quis novum rarendum eggredior. Sed Id travissimantor plurissimum Et apparens vobis fecit. novum')
INSERT INTO [Sales].[OrderAuditLog] ([AuditID], [OrderID], [ChangeDate], [ChangeDescription]) VALUES (5, 2, '1970-11-06 03:28:07.900', N'quo non vobis quartu quantare egreddior et gravum linguens plorum parte quartu si estum. vobis plorum non')
INSERT INTO [Sales].[OrderAuditLog] ([AuditID], [OrderID], [ChangeDate], [ChangeDescription]) VALUES (6, 3, '1970-08-19 20:04:47.990', N'quad e plorum fecundio, nomen eggredior. quartu sed fecit. quis rarendum quantare glavans essit. fecundio,')
INSERT INTO [Sales].[OrderAuditLog] ([AuditID], [OrderID], [ChangeDate], [ChangeDescription]) VALUES (7, 3, '2007-03-06 06:22:11.970', N'imaginator pars novum novum gravis quad et regit, esset Quad e quo Pro quoque habitatio regit, non gravis')
INSERT INTO [Sales].[OrderAuditLog] ([AuditID], [OrderID], [ChangeDate], [ChangeDescription]) VALUES (8, 2, '1956-01-15 21:48:57.380', N'vobis transit. gravis si venit. si quo Sed non Quad fecit, e plurissimum fecundio, quoque vantis. e esset non quoque Pro brevens, gravum imaginator')
INSERT INTO [Sales].[OrderAuditLog] ([AuditID], [OrderID], [ChangeDate], [ChangeDescription]) VALUES (9, 1, '1967-02-27 17:05:51.250', N'rarendum quo egreddior bono Sed bono quad quo regit, fecundio, eudis delerium. estum. glavans quad cognitio,')
INSERT INTO [Sales].[OrderAuditLog] ([AuditID], [OrderID], [ChangeDate], [ChangeDescription]) VALUES (10, 2, '1997-09-02 12:53:05.390', N'et eggredior. imaginator esset Quad egreddior regit, et venit. cognitio, quad fecundio, quad quad travissimantor')
SET IDENTITY_INSERT [Sales].[OrderAuditLog] OFF
PRINT(N'Operation applied to 10 rows out of 10')

PRINT(N'Add constraints to [Sales].[OrderAuditLog]')

PRINT(N'Add constraints to [Logistics].[EmployeeTerritories]')

PRINT(N'Add constraints to [Sales].[Territories]')

PRINT(N'Add constraints to [Sales].[Orders]')

PRINT(N'Add constraints to [Sales].[CustomersFeedback]')

PRINT(N'Add constraints to [Logistics].[MaintenanceLog]')
ALTER TABLE [Logistics].[MaintenanceLog] WITH CHECK CHECK CONSTRAINT [FK__Maintenan__Fligh__30F848ED]

PRINT(N'Add constraints to [Operation].[Employees]')
COMMIT TRANSACTION
GO
